,numExp,stick1,stick2,judge,agentBias,nSticks,recencyBias,p_isLong_1,p_isLong_2,delta
0,0,0.5,0.0,J0,5.0,3.0,0.1,0.5468277945619334,0.09999999999999998,-0.44682779456193344
1,0,0.5,0.0,J1,5.0,3.0,0.1,0.5464822128328709,0.09994510278578976,-0.44653711004708113
2,1,0.5,0.0,J0,5.0,3.0,0.5,0.5468277945619334,0.09999999999999998,-0.44682779456193344
3,1,0.5,0.0,J1,5.0,3.0,0.5,0.5031787748333568,0.08488698880005634,-0.4182917860333005
4,2,0.5,0.0,J0,5.0,3.0,1.0,0.5468277945619334,0.09999999999999998,-0.44682779456193344
5,2,0.5,0.0,J1,5.0,3.0,1.0,0.2292941716347052,0.019494343950811517,-0.20979982768389369
6,3,0.5,0.0,J0,5.0,3.0,2.0,0.5468277945619334,0.09999999999999998,-0.44682779456193344
7,3,0.5,0.0,J1,5.0,3.0,2.0,0.030549746635532032,3.6640122982494794e-09,-0.030549742971519734
8,4,0.5,0.0,J0,5.0,3.0,10.0,0.5468277945619334,0.09999999999999998,-0.44682779456193344
9,4,0.5,0.0,J1,5.0,3.0,10.0,0.8102595681095445,0.0,-0.8102595681095445
10,5,0.5,0.1,J0,5.0,3.0,0.1,0.5468277945619334,0.2,-0.3468277945619334
11,5,0.5,0.1,J1,5.0,3.0,0.1,0.5464822128328709,0.20010285457619106,-0.34637935825667987
12,6,0.5,0.1,J0,5.0,3.0,0.5,0.5468277945619334,0.2,-0.3468277945619334
13,6,0.5,0.1,J1,5.0,3.0,0.5,0.5031787748333568,0.17704943256977956,-0.32612934226357726
14,7,0.5,0.1,J0,5.0,3.0,1.0,0.5468277945619334,0.2,-0.3468277945619334
15,7,0.5,0.1,J1,5.0,3.0,1.0,0.2292941716347052,0.05142860941682799,-0.1778655622178772
16,8,0.5,0.1,J0,5.0,3.0,2.0,0.5468277945619334,0.2,-0.3468277945619334
17,8,0.5,0.1,J1,5.0,3.0,2.0,0.030549746635532032,6.121301133819088e-08,-0.030549685422520696
18,9,0.5,0.1,J0,5.0,3.0,10.0,0.5468277945619334,0.2,-0.3468277945619334
19,9,0.5,0.1,J1,5.0,3.0,10.0,0.8102595681095445,0.0,-0.8102595681095445
20,10,0.5,0.2,J0,5.0,3.0,0.1,0.5468277945619334,0.30000000000000004,-0.24682779456193338
21,10,0.5,0.2,J1,5.0,3.0,0.1,0.5464822128328709,0.30064337159754156,-0.24583884123532934
22,11,0.5,0.2,J0,5.0,3.0,0.5,0.5468277945619334,0.30000000000000004,-0.24682779456193338
23,11,0.5,0.2,J1,5.0,3.0,0.5,0.5031787748333568,0.2814469873808849,-0.2217317874524719
24,12,0.5,0.2,J0,5.0,3.0,1.0,0.5468277945619334,0.30000000000000004,-0.24682779456193338
25,12,0.5,0.2,J1,5.0,3.0,1.0,0.2292941716347052,0.11191003564288231,-0.11738413599182289
26,13,0.5,0.2,J0,5.0,3.0,2.0,0.5468277945619334,0.30000000000000004,-0.24682779456193338
27,13,0.5,0.2,J1,5.0,3.0,2.0,0.030549746635532032,1.8233664313116546e-06,-0.030547923269100722
28,14,0.5,0.2,J0,5.0,3.0,10.0,0.5468277945619334,0.30000000000000004,-0.24682779456193338
29,14,0.5,0.2,J1,5.0,3.0,10.0,0.8102595681095445,0.0,-0.8102595681095445
30,15,0.5,0.3,J0,5.0,3.0,0.1,0.5468277945619334,0.4,-0.1468277945619334
31,15,0.5,0.3,J1,5.0,3.0,0.1,0.5464822128328709,0.4018298658072995,-0.1446523470255714
32,16,0.5,0.3,J0,5.0,3.0,0.5,0.5468277945619334,0.4,-0.1468277945619334
33,16,0.5,0.3,J1,5.0,3.0,0.5,0.5031787748333568,0.40573275424593347,-0.09744602058742335
34,17,0.5,0.3,J0,5.0,3.0,1.0,0.5468277945619334,0.4,-0.1468277945619334
35,17,0.5,0.3,J1,5.0,3.0,1.0,0.2292941716347052,0.23963978587743312,0.010345614242727924
36,18,0.5,0.3,J0,5.0,3.0,2.0,0.5468277945619334,0.4,-0.1468277945619334
37,18,0.5,0.3,J1,5.0,3.0,2.0,0.030549746635532032,9.652705430678214e-05,-0.03045321958122525
38,19,0.5,0.3,J0,5.0,3.0,10.0,0.5468277945619334,0.4,-0.1468277945619334
39,19,0.5,0.3,J1,5.0,3.0,10.0,0.8102595681095445,0.0,-0.8102595681095445
40,20,0.5,0.4,J0,5.0,3.0,0.1,0.5468277945619334,0.5,-0.04682779456193342
41,20,0.5,0.4,J1,5.0,3.0,0.1,0.5464822128328709,0.5038756684276172,-0.04260654440525369
42,21,0.5,0.4,J0,5.0,3.0,0.5,0.5468277945619334,0.5,-0.04682779456193342
43,21,0.5,0.4,J1,5.0,3.0,0.5,0.5031787748333568,0.5553244836914364,0.052145708858079565
44,22,0.5,0.4,J0,5.0,3.0,1.0,0.5468277945619334,0.5,-0.04682779456193342
45,22,0.5,0.4,J1,5.0,3.0,1.0,0.2292941716347052,0.4844012469026374,0.2551070752679322
46,23,0.5,0.4,J0,5.0,3.0,2.0,0.5468277945619334,0.5,-0.04682779456193342
47,23,0.5,0.4,J1,5.0,3.0,2.0,0.030549746635532032,0.0027958979023285494,-0.02775384873320348
48,24,0.5,0.4,J0,5.0,3.0,10.0,0.5468277945619334,0.5,-0.04682779456193342
49,24,0.5,0.4,J1,5.0,3.0,10.0,0.8102595681095445,1.6e-322,-0.8102595681095445
50,25,0.5,0.5,J0,5.0,3.0,0.1,0.5468277945619334,0.5161290322580645,-0.03069876230386892
51,25,0.5,0.5,J1,5.0,3.0,0.1,0.5464822128328709,0.5205872741462885,-0.025894938686582436
52,26,0.5,0.5,J0,5.0,3.0,0.5,0.5468277945619334,0.5161290322580645,-0.03069876230386892
53,26,0.5,0.5,J1,5.0,3.0,0.5,0.5031787748333568,0.5953423821170316,0.09216360728367479
54,27,0.5,0.5,J0,5.0,3.0,1.0,0.5468277945619334,0.5161290322580645,-0.03069876230386892
55,27,0.5,0.5,J1,5.0,3.0,1.0,0.2292941716347052,0.6732978332314948,0.4440036615967896
56,28,0.5,0.5,J0,5.0,3.0,2.0,0.5468277945619334,0.5161290322580645,-0.03069876230386892
57,28,0.5,0.5,J1,5.0,3.0,2.0,0.030549746635532032,0.9663904704480146,0.9358407238124826
58,29,0.5,0.5,J0,5.0,3.0,10.0,0.5468277945619334,0.5161290322580645,-0.03069876230386892
59,29,0.5,0.5,J1,5.0,3.0,10.0,0.8102595681095445,1.0,0.18974043189045553
60,30,0.6,0.0,J0,5.0,3.0,0.1,0.6132930513595166,0.19999999999999998,-0.41329305135951666
61,30,0.6,0.0,J1,5.0,3.0,0.1,0.6130141758137618,0.19996621062742845,-0.41304796518633335
62,31,0.6,0.0,J0,5.0,3.0,0.5,0.6132930513595166,0.19999999999999998,-0.41329305135951666
63,31,0.6,0.0,J1,5.0,3.0,0.5,0.5782359380161497,0.17822728849449054,-0.40000864952165915
64,32,0.6,0.0,J0,5.0,3.0,1.0,0.6132930513595166,0.19999999999999998,-0.41329305135951666
65,32,0.6,0.0,J1,5.0,3.0,1.0,0.35366234746926145,0.06352870511229565,-0.2901336423569658
66,33,0.6,0.0,J0,5.0,3.0,2.0,0.6132930513595166,0.19999999999999998,-0.41329305135951666
67,33,0.6,0.0,J1,5.0,3.0,2.0,0.10288156678876138,1.5663774981534092e-06,-0.10288000041126323
68,34,0.6,0.0,J0,5.0,3.0,10.0,0.6132930513595166,0.19999999999999998,-0.41329305135951666
69,34,0.6,0.0,J1,5.0,3.0,10.0,0.5784873275247631,0.0,-0.5784873275247631
70,35,0.6,0.1,J0,5.0,3.0,0.1,0.6132930513595166,0.30000000000000004,-0.31329305135951657
71,35,0.6,0.1,J1,5.0,3.0,0.1,0.6130141758137618,0.300315615175134,-0.31269856063862783
72,36,0.6,0.1,J0,5.0,3.0,0.5,0.6132930513595166,0.30000000000000004,-0.31329305135951657
73,36,0.6,0.1,J1,5.0,3.0,0.5,0.5782359380161497,0.27974291535142376,-0.29849302266472594
74,37,0.6,0.1,J0,5.0,3.0,1.0,0.6132930513595166,0.30000000000000004,-0.31329305135951657
75,37,0.6,0.1,J1,5.0,3.0,1.0,0.35366234746926145,0.1269237900817425,-0.22673855738751894
76,38,0.6,0.1,J0,5.0,3.0,2.0,0.6132930513595166,0.30000000000000004,-0.31329305135951657
77,38,0.6,0.1,J1,5.0,3.0,2.0,0.10288156678876138,2.5971154908698424e-05,-0.10285559563385269
78,39,0.6,0.1,J0,5.0,3.0,10.0,0.6132930513595166,0.30000000000000004,-0.31329305135951657
79,39,0.6,0.1,J1,5.0,3.0,10.0,0.5784873275247631,0.0,-0.5784873275247631
80,40,0.6,0.2,J0,5.0,3.0,0.1,0.6132930513595166,0.3666666666666667,-0.24662638469284992
81,40,0.6,0.2,J1,5.0,3.0,0.1,0.6130141758137618,0.36749569081085,-0.24551848500291185
82,41,0.6,0.2,J0,5.0,3.0,0.5,0.6132930513595166,0.3666666666666667,-0.24662638469284992
83,41,0.6,0.2,J1,5.0,3.0,0.5,0.5782359380161497,0.35632786501757596,-0.22190807299857374
84,42,0.6,0.2,J0,5.0,3.0,1.0,0.6132930513595166,0.3666666666666667,-0.24662638469284992
85,42,0.6,0.2,J1,5.0,3.0,1.0,0.35366234746926145,0.19999964832367104,-0.15366269914559041
86,43,0.6,0.2,J0,5.0,3.0,2.0,0.6132930513595166,0.3666666666666667,-0.24662638469284992
87,43,0.6,0.2,J1,5.0,3.0,2.0,0.10288156678876138,0.00033061557843075715,-0.10255095121033063
88,44,0.6,0.2,J0,5.0,3.0,10.0,0.6132930513595166,0.3666666666666667,-0.24662638469284992
89,44,0.6,0.2,J1,5.0,3.0,10.0,0.5784873275247631,0.0,-0.5784873275247631
90,45,0.6,0.3,J0,5.0,3.0,0.1,0.6132930513595166,0.45,-0.1632930513595166
91,45,0.6,0.3,J1,5.0,3.0,0.1,0.6130141758137618,0.45199800899933507,-0.16101616681442676
92,46,0.6,0.3,J0,5.0,3.0,0.5,0.6132930513595166,0.45,-0.1632930513595166
93,46,0.6,0.3,J1,5.0,3.0,0.5,0.5782359380161497,0.47053754034904244,-0.10769839766710726
94,47,0.6,0.3,J0,5.0,3.0,1.0,0.6132930513595166,0.45,-0.1632930513595166
95,47,0.6,0.3,J1,5.0,3.0,1.0,0.35366234746926145,0.40793678144803736,0.054274433978775904
96,48,0.6,0.3,J0,5.0,3.0,2.0,0.6132930513595166,0.45,-0.1632930513595166
97,48,0.6,0.3,J1,5.0,3.0,2.0,0.10288156678876138,0.6537637002791514,0.5508821334903901
98,49,0.6,0.3,J0,5.0,3.0,10.0,0.6132930513595166,0.45,-0.1632930513595166
99,49,0.6,0.3,J1,5.0,3.0,10.0,0.5784873275247631,1.0,0.42151267247523694
100,50,0.6,0.4,J0,5.0,3.0,0.1,0.6132930513595166,0.5499999999999999,-0.06329305135951668
101,50,0.6,0.4,J1,5.0,3.0,0.1,0.6130141758137618,0.5541543950580572,-0.05885978075570464
102,51,0.6,0.4,J0,5.0,3.0,0.5,0.6132930513595166,0.5499999999999999,-0.06329305135951668
103,51,0.6,0.4,J1,5.0,3.0,0.5,0.5782359380161497,0.6237525907012997,0.04551665268515004
104,52,0.6,0.4,J0,5.0,3.0,1.0,0.6132930513595166,0.5499999999999999,-0.06329305135951668
105,52,0.6,0.4,J1,5.0,3.0,1.0,0.35366234746926145,0.684449801755006,0.3307874542857446
106,53,0.6,0.4,J0,5.0,3.0,2.0,0.6132930513595166,0.5499999999999999,-0.06329305135951668
107,53,0.6,0.4,J1,5.0,3.0,2.0,0.10288156678876138,0.8599861476042983,0.7571045808155369
108,54,0.6,0.4,J0,5.0,3.0,10.0,0.6132930513595166,0.5499999999999999,-0.06329305135951668
109,54,0.6,0.4,J1,5.0,3.0,10.0,0.5784873275247631,1.0,0.42151267247523694
110,55,0.6,0.5,J0,5.0,3.0,0.1,0.6132930513595166,0.6,-0.013293051359516639
111,55,0.6,0.5,J1,5.0,3.0,0.1,0.6130141758137618,0.6056405795173152,-0.007373596296446627
112,56,0.6,0.5,J0,5.0,3.0,0.5,0.6132930513595166,0.6,-0.013293051359516639
113,56,0.6,0.5,J1,5.0,3.0,0.5,0.5782359380161497,0.7129862060411827,0.13475026802503298
114,57,0.6,0.5,J0,5.0,3.0,1.0,0.6132930513595166,0.6,-0.013293051359516639
115,57,0.6,0.5,J1,5.0,3.0,1.0,0.35366234746926145,0.8823367020373852,0.5286743545681238
116,58,0.6,0.5,J0,5.0,3.0,2.0,0.6132930513595166,0.6,-0.013293051359516639
117,58,0.6,0.5,J1,5.0,3.0,2.0,0.10288156678876138,0.9995461566982693,0.8966645899095079
118,59,0.6,0.5,J0,5.0,3.0,10.0,0.6132930513595166,0.6,-0.013293051359516639
119,59,0.6,0.5,J1,5.0,3.0,10.0,0.5784873275247631,1.0,0.42151267247523694
120,60,0.7,0.0,J0,5.0,3.0,0.1,0.6767371601208458,0.30000000000000004,-0.3767371601208458
121,60,0.7,0.0,J1,5.0,3.0,0.1,0.676540837394057,0.30008536919223494,-0.3764554682018221
122,61,0.7,0.0,J0,5.0,3.0,0.5,0.6767371601208458,0.30000000000000004,-0.3767371601208458
123,61,0.7,0.0,J1,5.0,3.0,0.5,0.6521577892264022,0.2796974936553942,-0.372460295571008
124,62,0.7,0.0,J0,5.0,3.0,1.0,0.6767371601208458,0.30000000000000004,-0.3767371601208458
125,62,0.7,0.0,J1,5.0,3.0,1.0,0.49213996506666524,0.1448840281760541,-0.3472559368906111
126,63,0.7,0.0,J0,5.0,3.0,2.0,0.6767371601208458,0.30000000000000004,-0.3767371601208458
127,63,0.7,0.0,J1,5.0,3.0,2.0,0.2241425772175758,0.00023682119976319225,-0.2239057560178126
128,64,0.7,0.0,J0,5.0,3.0,10.0,0.6767371601208458,0.30000000000000004,-0.3767371601208458
129,64,0.7,0.0,J1,5.0,3.0,10.0,0.44585684189590863,0.0,-0.44585684189590863
130,65,0.7,0.1,J0,5.0,3.0,0.1,0.6767371601208458,0.35000000000000003,-0.3267371601208458
131,65,0.7,0.1,J1,5.0,3.0,0.1,0.676540837394057,0.35036000734134215,-0.32618083005271487
132,66,0.7,0.1,J0,5.0,3.0,0.5,0.6767371601208458,0.35000000000000003,-0.3267371601208458
133,66,0.7,0.1,J1,5.0,3.0,0.5,0.6521577892264022,0.3386437717389774,-0.3135140174874248
134,67,0.7,0.1,J0,5.0,3.0,1.0,0.6767371601208458,0.35000000000000003,-0.3267371601208458
135,67,0.7,0.1,J1,5.0,3.0,1.0,0.49213996506666524,0.23849852551301826,-0.253641439553647
136,68,0.7,0.1,J0,5.0,3.0,2.0,0.6767371601208458,0.35000000000000003,-0.3267371601208458
137,68,0.7,0.1,J1,5.0,3.0,2.0,0.2241425772175758,0.28106167084361444,0.05691909362603864
138,69,0.7,0.1,J0,5.0,3.0,10.0,0.6767371601208458,0.35000000000000003,-0.3267371601208458
139,69,0.7,0.1,J1,5.0,3.0,10.0,0.44585684189590863,0.9999835355026822,0.5541266936067735
140,70,0.7,0.2,J0,5.0,3.0,0.1,0.6767371601208458,0.41666666666666663,-0.2600704934541792
141,70,0.7,0.2,J1,5.0,3.0,0.1,0.676540837394057,0.4175704878780887,-0.2589703495159683
142,71,0.7,0.2,J0,5.0,3.0,0.5,0.6767371601208458,0.41666666666666663,-0.2600704934541792
143,71,0.7,0.2,J1,5.0,3.0,0.5,0.6521577892264022,0.41800444130388653,-0.2341533479225157
144,72,0.7,0.2,J0,5.0,3.0,1.0,0.6767371601208458,0.41666666666666663,-0.2600704934541792
145,72,0.7,0.2,J1,5.0,3.0,1.0,0.49213996506666524,0.33921784208733713,-0.1529221229793281
146,73,0.7,0.2,J0,5.0,3.0,2.0,0.6767371601208458,0.41666666666666663,-0.2600704934541792
147,73,0.7,0.2,J1,5.0,3.0,2.0,0.2241425772175758,0.3700380976450304,0.14589552042745457
148,74,0.7,0.2,J0,5.0,3.0,10.0,0.6767371601208458,0.41666666666666663,-0.2600704934541792
149,74,0.7,0.2,J1,5.0,3.0,10.0,0.44585684189590863,0.9999999999999991,0.5541431581040905
150,75,0.7,0.3,J0,5.0,3.0,0.1,0.6767371601208458,0.55,-0.1267371601208458
151,75,0.7,0.3,J1,5.0,3.0,0.1,0.676540837394057,0.5531891726377056,-0.1233516647563514
152,76,0.7,0.3,J0,5.0,3.0,0.5,0.6767371601208458,0.55,-0.1267371601208458
153,76,0.7,0.3,J1,5.0,3.0,0.5,0.6521577892264022,0.6060705717493493,-0.04608721747705291
154,77,0.7,0.3,J0,5.0,3.0,1.0,0.6767371601208458,0.55,-0.1267371601208458
155,77,0.7,0.3,J1,5.0,3.0,1.0,0.49213996506666524,0.6483358919195867,0.1561959268529215
156,78,0.7,0.3,J0,5.0,3.0,2.0,0.6767371601208458,0.55,-0.1267371601208458
157,78,0.7,0.3,J1,5.0,3.0,2.0,0.2241425772175758,0.6575132872790398,0.433370710061464
158,79,0.7,0.3,J0,5.0,3.0,10.0,0.6767371601208458,0.55,-0.1267371601208458
159,79,0.7,0.3,J1,5.0,3.0,10.0,0.44585684189590863,1.0,0.5541431581040914
160,80,0.7,0.4,J0,5.0,3.0,0.1,0.6767371601208458,0.6000000000000001,-0.07673716012084575
161,80,0.7,0.4,J1,5.0,3.0,0.1,0.676540837394057,0.6047699016042886,-0.07177093578976845
162,81,0.7,0.4,J0,5.0,3.0,0.5,0.6767371601208458,0.6000000000000001,-0.07673716012084575
163,81,0.7,0.4,J1,5.0,3.0,0.5,0.6521577892264022,0.6950962744058861,0.04293848517948384
164,82,0.7,0.4,J0,5.0,3.0,1.0,0.6767371601208458,0.6000000000000001,-0.07673716012084575
165,82,0.7,0.4,J1,5.0,3.0,1.0,0.49213996506666524,0.8407736261014783,0.3486336610348131
166,83,0.7,0.4,J0,5.0,3.0,2.0,0.6767371601208458,0.6000000000000001,-0.07673716012084575
167,83,0.7,0.4,J1,5.0,3.0,2.0,0.2241425772175758,0.99037997423268,0.7662373970151042
168,84,0.7,0.4,J0,5.0,3.0,10.0,0.6767371601208458,0.6000000000000001,-0.07673716012084575
169,84,0.7,0.4,J1,5.0,3.0,10.0,0.44585684189590863,1.0,0.5541431581040914
170,85,0.7,0.5,J0,5.0,3.0,0.1,0.6767371601208458,0.7000000000000002,0.02326283987915434
171,85,0.7,0.5,J1,5.0,3.0,0.1,0.676540837394057,0.7066861186689963,0.030145281274939317
172,86,0.7,0.5,J0,5.0,3.0,0.5,0.6767371601208458,0.7000000000000002,0.02326283987915434
173,86,0.7,0.5,J1,5.0,3.0,0.5,0.6521577892264022,0.8331041551764184,0.18094636595001623
174,87,0.7,0.5,J0,5.0,3.0,1.0,0.6767371601208458,0.7000000000000002,0.02326283987915434
175,87,0.7,0.5,J1,5.0,3.0,1.0,0.49213996506666524,0.9766691359926941,0.4845291709260289
176,88,0.7,0.5,J0,5.0,3.0,2.0,0.6767371601208458,0.7000000000000002,0.02326283987915434
177,88,0.7,0.5,J1,5.0,3.0,2.0,0.2241425772175758,0.9999990654932975,0.7758564882757217
178,89,0.7,0.5,J0,5.0,3.0,10.0,0.6767371601208458,0.7000000000000002,0.02326283987915434
179,89,0.7,0.5,J1,5.0,3.0,10.0,0.44585684189590863,1.0,0.5541431581040914
180,90,0.8,0.0,J0,5.0,3.0,0.1,0.7462235649546827,0.35000000000000003,-0.39622356495468264
181,90,0.8,0.0,J1,5.0,3.0,0.1,0.746108468394724,0.3500604981405717,-0.3960479702541523
182,91,0.8,0.0,J0,5.0,3.0,0.5,0.7462235649546827,0.35000000000000003,-0.39622356495468264
183,91,0.8,0.0,J1,5.0,3.0,0.5,0.7318383851405548,0.33772112126764425,-0.3941172638729105
184,92,0.8,0.0,J0,5.0,3.0,1.0,0.7462235649546827,0.35000000000000003,-0.39622356495468264
185,92,0.8,0.0,J1,5.0,3.0,1.0,0.6354229328899349,0.25415077508888273,-0.38127215780105217
186,93,0.8,0.0,J0,5.0,3.0,2.0,0.7462235649546827,0.35000000000000003,-0.39622356495468264
187,93,0.8,0.0,J1,5.0,3.0,2.0,0.3369185628009658,0.16871400328537584,-0.16820455951559
188,94,0.8,0.0,J0,5.0,3.0,10.0,0.7462235649546827,0.35000000000000003,-0.39622356495468264
189,94,0.8,0.0,J1,5.0,3.0,10.0,0.8922988588545189,0.8343880212024546,-0.057910837652064284
190,95,0.8,0.1,J0,5.0,3.0,0.1,0.7462235649546827,0.45,-0.29622356495468266
191,95,0.8,0.1,J1,5.0,3.0,0.1,0.746108468394724,0.45060435034156254,-0.29550411805316146
192,96,0.8,0.1,J0,5.0,3.0,0.5,0.7462235649546827,0.45,-0.29622356495468266
193,96,0.8,0.1,J1,5.0,3.0,0.5,0.7318383851405548,0.450097243894916,-0.28174114124563876
194,97,0.8,0.1,J0,5.0,3.0,1.0,0.7462235649546827,0.45,-0.29622356495468266
195,97,0.8,0.1,J1,5.0,3.0,1.0,0.6354229328899349,0.38652906182756286,-0.24889387106237204
196,98,0.8,0.1,J0,5.0,3.0,2.0,0.7462235649546827,0.45,-0.29622356495468266
197,98,0.8,0.1,J1,5.0,3.0,2.0,0.3369185628009658,0.24655187201649,-0.09036669078447582
198,99,0.8,0.1,J0,5.0,3.0,10.0,0.7462235649546827,0.45,-0.29622356495468266
199,99,0.8,0.1,J1,5.0,3.0,10.0,0.8922988588545189,0.9988705325166164,0.10657167366209752
200,100,0.8,0.2,J0,5.0,3.0,0.1,0.7462235649546827,0.5499999999999999,-0.19622356495468274
201,100,0.8,0.2,J1,5.0,3.0,0.1,0.746108468394724,0.5518782576910245,-0.1942302107036995
202,101,0.8,0.2,J0,5.0,3.0,0.5,0.7462235649546827,0.5499999999999999,-0.19622356495468274
203,101,0.8,0.2,J1,5.0,3.0,0.5,0.7318383851405548,0.5800318698518901,-0.15180651528866462
204,102,0.8,0.2,J0,5.0,3.0,1.0,0.7462235649546827,0.5499999999999999,-0.19622356495468274
205,102,0.8,0.2,J1,5.0,3.0,1.0,0.6354229328899349,0.5804934106970326,-0.05492952219290226
206,103,0.8,0.2,J0,5.0,3.0,2.0,0.7462235649546827,0.5499999999999999,-0.19622356495468274
207,103,0.8,0.2,J1,5.0,3.0,2.0,0.3369185628009658,0.44910422034857644,0.11218565754761062
208,104,0.8,0.2,J0,5.0,3.0,10.0,0.7462235649546827,0.5499999999999999,-0.19622356495468274
209,104,0.8,0.2,J1,5.0,3.0,10.0,0.8922988588545189,0.999999999513981,0.10770114065946212
210,105,0.8,0.3,J0,5.0,3.0,0.1,0.7462235649546827,0.6499999999999999,-0.09622356495468276
211,105,0.8,0.3,J1,5.0,3.0,0.1,0.746108468394724,0.6542717982106763,-0.09183667018404773
212,106,0.8,0.3,J0,5.0,3.0,0.5,0.7462235649546827,0.6499999999999999,-0.09622356495468276
213,106,0.8,0.3,J1,5.0,3.0,0.5,0.7318383851405548,0.7334795165548285,0.0016411314142736888
214,107,0.8,0.3,J0,5.0,3.0,1.0,0.7462235649546827,0.6499999999999999,-0.09622356495468276
215,107,0.8,0.3,J1,5.0,3.0,1.0,0.6354229328899349,0.8277068351125072,0.1922839022225723
216,108,0.8,0.3,J0,5.0,3.0,2.0,0.7462235649546827,0.6499999999999999,-0.09622356495468276
217,108,0.8,0.3,J1,5.0,3.0,2.0,0.3369185628009658,0.7236969410531033,0.3867783782521375
218,109,0.8,0.3,J0,5.0,3.0,10.0,0.7462235649546827,0.6499999999999999,-0.09622356495468276
219,109,0.8,0.3,J1,5.0,3.0,10.0,0.8922988588545189,1.0,0.10770114114548113
220,110,0.8,0.4,J0,5.0,3.0,0.1,0.7462235649546827,0.7000000000000002,-0.046223564954682494
221,110,0.8,0.4,J1,5.0,3.0,0.1,0.746108468394724,0.7058741660496853,-0.040234302345038664
222,111,0.8,0.4,J0,5.0,3.0,0.5,0.7462235649546827,0.7000000000000002,-0.046223564954682494
223,111,0.8,0.4,J1,5.0,3.0,0.5,0.7318383851405548,0.8173277628155965,0.08548937767504172
224,112,0.8,0.4,J0,5.0,3.0,1.0,0.7462235649546827,0.7000000000000002,-0.046223564954682494
225,112,0.8,0.4,J1,5.0,3.0,1.0,0.6354229328899349,0.9584034080232964,0.3229804751333615
226,113,0.8,0.4,J0,5.0,3.0,2.0,0.7462235649546827,0.7000000000000002,-0.046223564954682494
227,113,0.8,0.4,J1,5.0,3.0,2.0,0.3369185628009658,0.9998638286920153,0.6629452658910495
228,114,0.8,0.4,J0,5.0,3.0,10.0,0.7462235649546827,0.7000000000000002,-0.046223564954682494
229,114,0.8,0.4,J1,5.0,3.0,10.0,0.8922988588545189,1.0,0.10770114114548113
230,115,0.8,0.5,J0,5.0,3.0,0.1,0.7462235649546827,0.8,0.05377643504531737
231,115,0.8,0.5,J1,5.0,3.0,0.1,0.746108468394724,0.8068213027145313,0.06071283431980734
232,116,0.8,0.5,J0,5.0,3.0,0.5,0.7462235649546827,0.8,0.05377643504531737
233,116,0.8,0.5,J1,5.0,3.0,0.5,0.7318383851405548,0.9229565911847909,0.19111820604423613
234,117,0.8,0.5,J0,5.0,3.0,1.0,0.7462235649546827,0.8,0.05377643504531737
235,117,0.8,0.5,J1,5.0,3.0,1.0,0.6354229328899349,0.9973260074261939,0.36190307453625903
236,118,0.8,0.5,J0,5.0,3.0,2.0,0.7462235649546827,0.8,0.05377643504531737
237,118,0.8,0.5,J1,5.0,3.0,2.0,0.3369185628009658,0.9999999987833761,0.6630814359824102
238,119,0.8,0.5,J0,5.0,3.0,10.0,0.7462235649546827,0.8,0.05377643504531737
239,119,0.8,0.5,J1,5.0,3.0,10.0,0.8922988588545189,1.0,0.10770114114548113
240,120,0.9,0.0,J0,5.0,3.0,0.1,0.809667673716012,0.45,-0.359667673716012
241,120,0.9,0.0,J1,5.0,3.0,0.1,0.8096028611960826,0.45011272862248564,-0.35949013257359697
242,121,0.9,0.0,J0,5.0,3.0,0.5,0.809667673716012,0.45,-0.359667673716012
243,121,0.9,0.0,J1,5.0,3.0,0.5,0.8015593366011987,0.44324538473221436,-0.35831395186898435
244,122,0.9,0.0,J0,5.0,3.0,1.0,0.809667673716012,0.45,-0.359667673716012
245,122,0.9,0.0,J1,5.0,3.0,1.0,0.7455083004967151,0.3836875062172078,-0.3618207942795073
246,123,0.9,0.0,J0,5.0,3.0,2.0,0.809667673716012,0.45,-0.359667673716012
247,123,0.9,0.0,J1,5.0,3.0,2.0,0.4735034729283594,0.19887476319709865,-0.27462870973126075
248,124,0.9,0.0,J0,5.0,3.0,10.0,0.809667673716012,0.45,-0.359667673716012
249,124,0.9,0.0,J1,5.0,3.0,10.0,0.8138066221792906,0.7456978866687392,-0.06810873551055141
250,125,0.9,0.1,J0,5.0,3.0,0.1,0.809667673716012,0.55,-0.25966767371601196
251,125,0.9,0.1,J1,5.0,3.0,0.1,0.8096028611960826,0.5508475050780303,-0.25875535611805234
252,126,0.9,0.1,J0,5.0,3.0,0.5,0.809667673716012,0.55,-0.25966767371601196
253,126,0.9,0.1,J1,5.0,3.0,0.5,0.8015593366011987,0.5607590804807769,-0.24080025612042177
254,127,0.9,0.1,J0,5.0,3.0,1.0,0.809667673716012,0.55,-0.25966767371601196
255,127,0.9,0.1,J1,5.0,3.0,1.0,0.7455083004967151,0.5404036850702992,-0.2051046154264159
256,128,0.9,0.1,J0,5.0,3.0,2.0,0.809667673716012,0.55,-0.25966767371601196
257,128,0.9,0.1,J1,5.0,3.0,2.0,0.4735034729283594,0.3666468402717407,-0.10685663265661871
258,129,0.9,0.1,J0,5.0,3.0,10.0,0.809667673716012,0.55,-0.25966767371601196
259,129,0.9,0.1,J1,5.0,3.0,10.0,0.8138066221792906,0.989232367805467,0.1754257456261764
260,130,0.9,0.2,J0,5.0,3.0,0.1,0.809667673716012,0.65,-0.15966767371601198
261,130,0.9,0.2,J1,5.0,3.0,0.1,0.8096028611960826,0.6526531557160067,-0.15694970548007592
262,131,0.9,0.2,J0,5.0,3.0,0.5,0.809667673716012,0.65,-0.15966767371601198
263,131,0.9,0.2,J1,5.0,3.0,0.5,0.8015593366011987,0.701871799595935,-0.09968753700526367
264,132,0.9,0.2,J0,5.0,3.0,1.0,0.809667673716012,0.65,-0.15966767371601198
265,132,0.9,0.2,J1,5.0,3.0,1.0,0.7455083004967151,0.7649204377702429,0.019412137273527752
266,133,0.9,0.2,J0,5.0,3.0,2.0,0.809667673716012,0.65,-0.15966767371601198
267,133,0.9,0.2,J1,5.0,3.0,2.0,0.4735034729283594,0.7155284347519165,0.2420249618235571
268,134,0.9,0.2,J0,5.0,3.0,10.0,0.809667673716012,0.65,-0.15966767371601198
269,134,0.9,0.2,J1,5.0,3.0,10.0,0.8138066221792906,0.9999994116843915,0.186192789505101
270,135,0.9,0.3,J0,5.0,3.0,0.1,0.809667673716012,0.7,-0.10966767371601205
271,135,0.9,0.3,J1,5.0,3.0,0.1,0.8096028611960826,0.704340888641236,-0.1052619725548466
272,136,0.9,0.3,J0,5.0,3.0,0.5,0.809667673716012,0.7,-0.10966767371601205
273,136,0.9,0.3,J1,5.0,3.0,0.5,0.8015593366011987,0.7889741665989538,-0.012585170002244905
274,137,0.9,0.3,J0,5.0,3.0,1.0,0.809667673716012,0.7,-0.10966767371601205
275,137,0.9,0.3,J1,5.0,3.0,1.0,0.7455083004967151,0.9170619188275073,0.1715536183307922
276,138,0.9,0.3,J0,5.0,3.0,2.0,0.809667673716012,0.7,-0.10966767371601205
277,138,0.9,0.3,J1,5.0,3.0,2.0,0.4735034729283594,0.9952012386230749,0.5216977656947155
278,139,0.9,0.3,J0,5.0,3.0,10.0,0.809667673716012,0.7,-0.10966767371601205
279,139,0.9,0.3,J1,5.0,3.0,10.0,0.8138066221792906,1.0,0.18619337782070944
280,140,0.9,0.4,J0,5.0,3.0,0.1,0.809667673716012,0.8,-0.00966767371601196
281,140,0.9,0.4,J1,5.0,3.0,0.1,0.8096028611960826,0.8061946178066068,-0.0034082433894757624
282,141,0.9,0.4,J0,5.0,3.0,0.5,0.809667673716012,0.8,-0.00966767371601196
283,141,0.9,0.4,J1,5.0,3.0,0.5,0.8015593366011987,0.9138580125960373,0.11229867599483856
284,142,0.9,0.4,J0,5.0,3.0,1.0,0.809667673716012,0.8,-0.00966767371601196
285,142,0.9,0.4,J1,5.0,3.0,1.0,0.7455083004967151,0.9949522414309171,0.24944394093420197
286,143,0.9,0.4,J0,5.0,3.0,2.0,0.809667673716012,0.8,-0.00966767371601196
287,143,0.9,0.4,J1,5.0,3.0,2.0,0.4735034729283594,0.9999999460266118,0.5264964730982524
288,144,0.9,0.4,J0,5.0,3.0,10.0,0.809667673716012,0.8,-0.00966767371601196
289,144,0.9,0.4,J1,5.0,3.0,10.0,0.8138066221792906,1.0,0.18619337782070944
290,145,0.9,0.5,J0,5.0,3.0,0.1,0.809667673716012,0.8999999999999999,0.09033232628398791
291,145,0.9,0.5,J1,5.0,3.0,0.1,0.8096028611960826,0.9052857512316647,0.09568289003558206
292,146,0.9,0.5,J0,5.0,3.0,0.5,0.809667673716012,0.8999999999999999,0.09033232628398791
293,146,0.9,0.5,J1,5.0,3.0,0.5,0.8015593366011987,0.9799851450935997,0.17842580849240097
294,147,0.9,0.5,J0,5.0,3.0,1.0,0.809667673716012,0.8999999999999999,0.09033232628398791
295,147,0.9,0.5,J1,5.0,3.0,1.0,0.7455083004967151,0.9999456675690589,0.25443736707234377
296,148,0.9,0.5,J0,5.0,3.0,2.0,0.809667673716012,0.8999999999999999,0.09033232628398791
297,148,0.9,0.5,J1,5.0,3.0,2.0,0.4735034729283594,0.9999999999999989,0.5264965270716395
298,149,0.9,0.5,J0,5.0,3.0,10.0,0.809667673716012,0.8999999999999999,0.09033232628398791
299,149,0.9,0.5,J1,5.0,3.0,10.0,0.8138066221792906,1.0,0.18619337782070944
300,150,1.0,0.0,J0,5.0,3.0,0.1,0.86404833836858,0.55,-0.3140483383685799
301,150,1.0,0.0,J1,5.0,3.0,0.1,0.8640138192321208,0.5501141314540037,-0.31389968777811716
302,151,1.0,0.0,J0,5.0,3.0,0.5,0.86404833836858,0.55,-0.3140483383685799
303,151,1.0,0.0,J1,5.0,3.0,0.5,0.8597203034906673,0.5466825871346981,-0.3130377163559692
304,152,1.0,0.0,J0,5.0,3.0,1.0,0.86404833836858,0.55,-0.3140483383685799
305,152,1.0,0.0,J1,5.0,3.0,1.0,0.8289830057223155,0.5084280822641362,-0.3205549234581794
306,153,1.0,0.0,J0,5.0,3.0,2.0,0.86404833836858,0.55,-0.3140483383685799
307,153,1.0,0.0,J1,5.0,3.0,2.0,0.6321155957446538,0.31001958865873286,-0.32209600708592095
308,154,1.0,0.0,J0,5.0,3.0,10.0,0.86404833836858,0.55,-0.3140483383685799
309,154,1.0,0.0,J1,5.0,3.0,10.0,0.7451727814752733,0.6851301658854076,-0.06004261558986568
310,155,1.0,0.1,J0,5.0,3.0,0.1,0.86404833836858,0.65,-0.21404833836857995
311,155,1.0,0.1,J1,5.0,3.0,0.1,0.8640138192321208,0.6510721553723262,-0.21294166385979463
312,156,1.0,0.1,J0,5.0,3.0,0.5,0.86404833836858,0.65,-0.21404833836857995
313,156,1.0,0.1,J1,5.0,3.0,0.5,0.8597203034906673,0.6689243518922328,-0.19079595159843454
314,157,1.0,0.1,J0,5.0,3.0,1.0,0.86404833836858,0.65,-0.21404833836857995
315,157,1.0,0.1,J1,5.0,3.0,1.0,0.8289830057223155,0.6785806031148072,-0.15040240260750837
316,158,1.0,0.1,J0,5.0,3.0,2.0,0.86404833836858,0.65,-0.21404833836857995
317,158,1.0,0.1,J1,5.0,3.0,2.0,0.6321155957446538,0.5620638230307742,-0.07005177271387963
318,159,1.0,0.1,J0,5.0,3.0,10.0,0.86404833836858,0.65,-0.21404833836857995
319,159,1.0,0.1,J1,5.0,3.0,10.0,0.7451727814752733,0.9633653269839727,0.21819254550869938
320,160,1.0,0.2,J0,5.0,3.0,0.1,0.86404833836858,0.75,-0.11404833836857997
321,160,1.0,0.2,J1,5.0,3.0,0.1,0.8640138192321208,0.7534942809372208,-0.11051953829490002
322,161,1.0,0.2,J0,5.0,3.0,0.5,0.86404833836858,0.75,-0.11404833836857997
323,161,1.0,0.2,J1,5.0,3.0,0.5,0.8597203034906673,0.8189114697529769,-0.0408088337376904
324,162,1.0,0.2,J0,5.0,3.0,1.0,0.86404833836858,0.75,-0.11404833836857997
325,162,1.0,0.2,J1,5.0,3.0,1.0,0.8289830057223155,0.8947658008970735,0.06578279517475794
326,163,1.0,0.2,J0,5.0,3.0,2.0,0.86404833836858,0.75,-0.11404833836857997
327,163,1.0,0.2,J1,5.0,3.0,2.0,0.6321155957446538,0.8347184655835822,0.2026028698389284
328,164,1.0,0.2,J0,5.0,3.0,10.0,0.86404833836858,0.75,-0.11404833836857997
329,164,1.0,0.2,J1,5.0,3.0,10.0,0.7451727814752733,0.9999695545254275,0.25479677305015414
330,165,1.0,0.3,J0,5.0,3.0,0.1,0.86404833836858,0.8,-0.06404833836857993
331,165,1.0,0.3,J1,5.0,3.0,0.1,0.8640138192321208,0.8051752474273968,-0.05883857180472407
332,166,1.0,0.3,J0,5.0,3.0,0.5,0.86404833836858,0.8,-0.06404833836857993
333,166,1.0,0.3,J1,5.0,3.0,0.5,0.8597203034906673,0.8983175586880113,0.03859725519734403
334,167,1.0,0.3,J0,5.0,3.0,1.0,0.86404833836858,0.8,-0.06404833836857993
335,167,1.0,0.3,J1,5.0,3.0,1.0,0.8289830057223155,0.9876999061132988,0.1587169003909833
336,168,1.0,0.3,J0,5.0,3.0,2.0,0.86404833836858,0.8,-0.06404833836857993
337,168,1.0,0.3,J1,5.0,3.0,2.0,0.6321155957446538,0.9999957491235529,0.3678801533788991
338,169,1.0,0.3,J0,5.0,3.0,10.0,0.86404833836858,0.8,-0.06404833836857993
339,169,1.0,0.3,J1,5.0,3.0,10.0,0.7451727814752733,1.0,0.2548272185247267
340,170,1.0,0.4,J0,5.0,3.0,0.1,0.86404833836858,0.8999999999999999,0.03595166163141994
341,170,1.0,0.4,J1,5.0,3.0,0.1,0.8640138192321208,0.9052180550336649,0.04120423580154409
342,171,1.0,0.4,J0,5.0,3.0,0.5,0.86404833836858,0.8999999999999999,0.03595166163141994
343,171,1.0,0.4,J1,5.0,3.0,0.5,0.8597203034906673,0.9779612070755723,0.11824090358490502
344,172,1.0,0.4,J0,5.0,3.0,1.0,0.86404833836858,0.8999999999999999,0.03595166163141994
345,172,1.0,0.4,J1,5.0,3.0,1.0,0.8289830057223155,0.9998884389274182,0.17090543320510265
346,173,1.0,0.4,J0,5.0,3.0,2.0,0.86404833836858,0.8999999999999999,0.03595166163141994
347,173,1.0,0.4,J1,5.0,3.0,2.0,0.6321155957446538,0.9999999999999551,0.36788440425530133
348,174,1.0,0.4,J0,5.0,3.0,10.0,0.86404833836858,0.8999999999999999,0.03595166163141994
349,174,1.0,0.4,J1,5.0,3.0,10.0,0.7451727814752733,1.0,0.2548272185247267
350,175,1.0,0.5,J0,5.0,3.0,0.1,0.86404833836858,1.0,0.13595166163142003
351,175,1.0,0.5,J1,5.0,3.0,0.1,0.8640138192321208,1.0,0.13598618076787916
352,176,1.0,0.5,J0,5.0,3.0,0.5,0.86404833836858,1.0,0.13595166163142003
353,176,1.0,0.5,J1,5.0,3.0,0.5,0.8597203034906673,1.0,0.1402796965093327
354,177,1.0,0.5,J0,5.0,3.0,1.0,0.86404833836858,1.0,0.13595166163142003
355,177,1.0,0.5,J1,5.0,3.0,1.0,0.8289830057223155,1.0,0.17101699427768446
356,178,1.0,0.5,J0,5.0,3.0,2.0,0.86404833836858,1.0,0.13595166163142003
357,178,1.0,0.5,J1,5.0,3.0,2.0,0.6321155957446538,1.0,0.3678844042553462
358,179,1.0,0.5,J0,5.0,3.0,10.0,0.86404833836858,1.0,0.13595166163142003
359,179,1.0,0.5,J1,5.0,3.0,10.0,0.7451727814752733,1.0,0.2548272185247267
