iterationName,context_id,gameid,time,trialNum,repNum,targetImg,msg,timeFromRoundStart,rt,agent1stick,agent2stick,quizAttempts,button_pressed,response,stimulus_type,stimulus_contestant,trial-index
pilot2,,3096-996d94fd-49be-4435-9e91-9401b89bb5d8,,,,,,,4161.740000010468,0.2,0.7,,,,,,
pilot2,,3096-996d94fd-49be-4435-9e91-9401b89bb5d8,,,,,,,6914.209999958985,0.2,0.7,,0,,,,
pilot2,,0179-d8ba494c-6dec-441d-b816-f13b2bff8e8b,,,,,,,20069.65499999933,0.5,0.7,,,,,,
pilot2,,3096-996d94fd-49be-4435-9e91-9401b89bb5d8,,,,,,,3453.125,0.2,0.7,,0,,,,
pilot2,,3096-996d94fd-49be-4435-9e91-9401b89bb5d8,,,,,,,13679.669999983162,0.2,0.7,,0,,,,
pilot2,,3096-996d94fd-49be-4435-9e91-9401b89bb5d8,,,,,,,11120.914999977686,0.2,0.7,,0,,,,
pilot2,,0179-d8ba494c-6dec-441d-b816-f13b2bff8e8b,,,,,,,31261.939999996684,0.5,0.7,,0,,,,
pilot2,,3096-996d94fd-49be-4435-9e91-9401b89bb5d8,,,,,,,8992.434999905527,0.2,0.7,,0,,,,
pilot2,,0179-d8ba494c-6dec-441d-b816-f13b2bff8e8b,,,,,,,5318.415000001551,0.5,0.7,,0,,,,
pilot2,,3096-996d94fd-49be-4435-9e91-9401b89bb5d8,,,,,,,8481.40000004787,0.2,0.7,,0,,,,
pilot2,,0179-d8ba494c-6dec-441d-b816-f13b2bff8e8b,,,,,,,12327.254999996512,0.5,0.7,,0,,,,
pilot2,,6909-0981e229-3023-4db6-ab51-b66c16c58986,,,,,,,1777.8549999929965,0.3,0.7,,,,,,
pilot2,,6909-0981e229-3023-4db6-ab51-b66c16c58986,,,,,,,2242.064999998547,0.3,0.7,,0,,,,
pilot2,,0179-d8ba494c-6dec-441d-b816-f13b2bff8e8b,,,,,,,18022.85500000289,0.5,0.7,,0,,,,
pilot2,,6909-0981e229-3023-4db6-ab51-b66c16c58986,,,,,,,2175.8350000018254,0.3,0.7,,0,,,,
pilot2,,6909-0981e229-3023-4db6-ab51-b66c16c58986,,,,,,,3555.2499999757856,0.3,0.7,,0,,,,
pilot2,,6909-0981e229-3023-4db6-ab51-b66c16c58986,,,,,,,7475.184999988414,0.3,0.7,,0,,,,
pilot2,,4673-584f48fb-daf9-42ff-b197-bfa296f18599,,,,,,,1066,0.2,0.7,,,,,,
pilot2,,4673-584f48fb-daf9-42ff-b197-bfa296f18599,,,,,,,1142,0.2,0.7,,0,,,,
pilot2,,3096-996d94fd-49be-4435-9e91-9401b89bb5d8,,,,,,,37401.91999997478,0.2,0.7,,,55,practice,,
pilot2,,4673-584f48fb-daf9-42ff-b197-bfa296f18599,,,,,,,1489,0.2,0.7,,0,,,,
pilot2,,3096-996d94fd-49be-4435-9e91-9401b89bb5d8,,,,,,,3320.9700000006706,0.2,0.7,,0,,,,
pilot2,,4673-584f48fb-daf9-42ff-b197-bfa296f18599,,,,,,,3097,0.2,0.7,,0,,,,
pilot2,,0179-d8ba494c-6dec-441d-b816-f13b2bff8e8b,,,,,,,20215.079999994487,0.5,0.7,,0,,,,
pilot2,,6909-0981e229-3023-4db6-ab51-b66c16c58986,,,,,,,7891.3099999772385,0.3,0.7,,0,,,,
pilot2,,6211-eb709a53-25ea-4d06-87f5-a57bd34f9be7,,,,,,,108930.38499983959,0.3,0.7,,,,,,
pilot2,,6592-1c95ae82-3a26-4784-a0ec-279e24bfab05,,,,,,,110480.84999999264,0.4,0.7,,,,,,
pilot2,,4673-584f48fb-daf9-42ff-b197-bfa296f18599,,,,,,,6855,0.2,0.7,,0,,,,
pilot2,,6592-1c95ae82-3a26-4784-a0ec-279e24bfab05,,,,,,,2582.6299999898765,0.4,0.7,,0,,,,
pilot2,,6909-0981e229-3023-4db6-ab51-b66c16c58986,,,,,,,7329.505000030622,0.3,0.7,,0,,,,
pilot2,,4673-584f48fb-daf9-42ff-b197-bfa296f18599,,,,,,,2765,0.2,0.7,,0,,,,
pilot2,,4673-584f48fb-daf9-42ff-b197-bfa296f18599,,,,,,,1614,0.2,0.7,,0,,,,
pilot2,,6592-1c95ae82-3a26-4784-a0ec-279e24bfab05,,,,,,,4572.970000008354,0.4,0.7,,0,,,,
pilot2,,6211-eb709a53-25ea-4d06-87f5-a57bd34f9be7,,,,,,,9662.380000110716,0.3,0.7,,0,,,,
pilot2,,6592-1c95ae82-3a26-4784-a0ec-279e24bfab05,,,,,,,4774.715000006836,0.4,0.7,,0,,,,
pilot2,,4673-584f48fb-daf9-42ff-b197-bfa296f18599,,,,,,,5644,0.2,0.7,,,73,practice,,
pilot2,,6211-eb709a53-25ea-4d06-87f5-a57bd34f9be7,,,,,,,3556.6500001586974,0.3,0.7,,0,,,,
pilot2,,4673-584f48fb-daf9-42ff-b197-bfa296f18599,,,,,,,1387,0.2,0.7,,0,,,,
pilot2,,0179-d8ba494c-6dec-441d-b816-f13b2bff8e8b,,,,,,,17847.12999999465,0.5,0.7,,0,,,,
pilot2,,3096-996d94fd-49be-4435-9e91-9401b89bb5d8,,,,,,,20701.635000063106,0.2,0.7,,,,,,
pilot2,,6909-0981e229-3023-4db6-ab51-b66c16c58986,,,,,,,13060.279999976046,0.3,0.7,,,22,practice,,
pilot2,,6909-0981e229-3023-4db6-ab51-b66c16c58986,,,,,,,1992.3599999165162,0.3,0.7,,0,,,,
pilot2,,6592-1c95ae82-3a26-4784-a0ec-279e24bfab05,,,,,,,8446.154999997816,0.4,0.7,,0,,,,
pilot2,,6211-eb709a53-25ea-4d06-87f5-a57bd34f9be7,,,,,,,8964.935000054538,0.3,0.7,,0,,,,
pilot2,,6592-1c95ae82-3a26-4784-a0ec-279e24bfab05,,,,,,,10966.350000002421,0.4,0.7,,0,,,,
pilot2,,6909-0981e229-3023-4db6-ab51-b66c16c58986,,,,,,,13927.404999965802,0.3,0.7,,,,,,
pilot2,,6592-1c95ae82-3a26-4784-a0ec-279e24bfab05,,,,,,,6838.690000004135,0.4,0.7,,0,,,,
pilot2,,0179-d8ba494c-6dec-441d-b816-f13b2bff8e8b,,,,,,,24406.535000001895,0.5,0.7,,,100,practice,,
pilot2,,3096-996d94fd-49be-4435-9e91-9401b89bb5d8,,,,,,,23356.524999951944,0.2,0.7,,,,,,
pilot2,,4673-584f48fb-daf9-42ff-b197-bfa296f18599,,,,,,,27185,0.2,0.7,,,,,,
pilot2,,0179-d8ba494c-6dec-441d-b816-f13b2bff8e8b,,,,,,,2999.085000003106,0.5,0.7,,0,,,,
pilot2,,3096-996d94fd-49be-4435-9e91-9401b89bb5d8,,,,,,,1106.8149999482557,0.2,0.7,,0,,,,
pilot2,,3096-996d94fd-49be-4435-9e91-9401b89bb5d8,,,,,,,,0.2,0.7,,,,,,
pilot2,,6592-1c95ae82-3a26-4784-a0ec-279e24bfab05,,,,,,,13246.01000000257,0.4,0.7,,,61,practice,,
pilot2,,6592-1c95ae82-3a26-4784-a0ec-279e24bfab05,,,,,,,1654.1600000055041,0.4,0.7,,0,,,,
pilot2,,3096-996d94fd-49be-4435-9e91-9401b89bb5d8,,,,,,,10283.04000000935,0.2,0.7,,,62,isLong,first,
pilot2,,6211-eb709a53-25ea-4d06-87f5-a57bd34f9be7,,,,,,,38694.21499990858,0.3,0.7,,0,,,,
pilot2,,3096-996d94fd-49be-4435-9e91-9401b89bb5d8,,,,,,,,0.2,0.7,,,,,,
pilot2,,6909-0981e229-3023-4db6-ab51-b66c16c58986,,,,,,,28108.9599999832,0.3,0.7,,,,,,
pilot2,,3096-996d94fd-49be-4435-9e91-9401b89bb5d8,,,,,,,4770.254999981262,0.2,0.7,,,58,isLong,second,
pilot2,,0179-d8ba494c-6dec-441d-b816-f13b2bff8e8b,,,,,,,26102.955000009388,0.5,0.7,,,,,,
pilot2,,3096-996d94fd-49be-4435-9e91-9401b89bb5d8,,,,,,,2833.340000011958,0.2,0.7,,1,,2afc,,
pilot2,,0179-d8ba494c-6dec-441d-b816-f13b2bff8e8b,,,,,,,1205.4100000095787,0.5,0.7,,0,,,,
pilot2,,4673-584f48fb-daf9-42ff-b197-bfa296f18599,,,,,,,29633,0.2,0.7,,,,,,
pilot2,,0179-d8ba494c-6dec-441d-b816-f13b2bff8e8b,,,,,,,,0.5,0.7,,,,,,
pilot2,,6211-eb709a53-25ea-4d06-87f5-a57bd34f9be7,,,,,,,13405.945000005886,0.3,0.7,,0,,,,
pilot2,,3096-996d94fd-49be-4435-9e91-9401b89bb5d8,,,,,,,6561.820000060834,0.2,0.7,,,72,bias,first,
pilot2,,3096-996d94fd-49be-4435-9e91-9401b89bb5d8,,,,,,,3458.8450000155717,0.2,0.7,,,76,bias,second,
pilot2,,6211-eb709a53-25ea-4d06-87f5-a57bd34f9be7,,,,,,,6582.0999999996275,0.3,0.7,,0,,,,
pilot2,,3096-996d94fd-49be-4435-9e91-9401b89bb5d8,,,,,,,2401.7949999542907,0.2,0.7,,,,,,
pilot2,,0179-d8ba494c-6dec-441d-b816-f13b2bff8e8b,,,,,,,10533.679999993183,0.5,0.7,,,100,isLong,first,
pilot2,,4673-584f48fb-daf9-42ff-b197-bfa296f18599,,,,,,,10197,0.2,0.7,,,,,,
pilot2,,6909-0981e229-3023-4db6-ab51-b66c16c58986,,,,,,,19156.774999923073,0.3,0.7,,,,,,
pilot2,,6592-1c95ae82-3a26-4784-a0ec-279e24bfab05,,,,,,,34534.08499999205,0.4,0.7,,,,,,
pilot2,,0179-d8ba494c-6dec-441d-b816-f13b2bff8e8b,,,,,,,,0.5,0.7,,,,,,
pilot2,,6211-eb709a53-25ea-4d06-87f5-a57bd34f9be7,,,,,,,30387.950000120327,0.3,0.7,,,83,practice,,
pilot2,,6211-eb709a53-25ea-4d06-87f5-a57bd34f9be7,,,,,,,2557.4649998452514,0.3,0.7,,0,,,,
pilot2,,0179-d8ba494c-6dec-441d-b816-f13b2bff8e8b,,,,,,,27621.589999995194,0.5,0.7,,,33,isLong,second,
pilot2,,0179-d8ba494c-6dec-441d-b816-f13b2bff8e8b,,,,,,,4199.200000002747,0.5,0.7,,0,,2afc,,
pilot2,,6592-1c95ae82-3a26-4784-a0ec-279e24bfab05,,,,,,,31503.190000003087,0.4,0.7,,,,,,
pilot2,,0179-d8ba494c-6dec-441d-b816-f13b2bff8e8b,,,,,,,10295.035000002827,0.5,0.7,,,100,bias,first,
pilot2,,0096-84b68d3d-d0bc-462d-bd86-808265d84a46,,,,,,,3151.680000126362,0.3,0.7,,,,,,
pilot2,,0179-d8ba494c-6dec-441d-b816-f13b2bff8e8b,,,,,,,3534.945000006701,0.5,0.7,,,0,bias,second,
pilot2,,0179-d8ba494c-6dec-441d-b816-f13b2bff8e8b,,,,,,,2247.4050000018906,0.5,0.7,,,,,,
pilot2,,6592-1c95ae82-3a26-4784-a0ec-279e24bfab05,,,,,,,14358.509999990929,0.4,0.7,,,,,,
pilot2,,6211-eb709a53-25ea-4d06-87f5-a57bd34f9be7,,,,,,,37324.67500003986,0.3,0.7,,,,,,
pilot2,,0096-84b68d3d-d0bc-462d-bd86-808265d84a46,,,,,,,19511.549999937415,0.3,0.7,,0,,,,
pilot2,,0096-84b68d3d-d0bc-462d-bd86-808265d84a46,,,,,,,6388.045000145212,0.3,0.7,,0,,,,
pilot2,,0096-84b68d3d-d0bc-462d-bd86-808265d84a46,,,,,,,11827.074999921024,0.3,0.7,,0,,,,
pilot2,,6211-eb709a53-25ea-4d06-87f5-a57bd34f9be7,,,,,,,26019.33000003919,0.3,0.7,,,,,,
pilot2,,0096-84b68d3d-d0bc-462d-bd86-808265d84a46,,,,,,,20552.915000123903,0.3,0.7,,0,,,,
pilot2,,0096-84b68d3d-d0bc-462d-bd86-808265d84a46,,,,,,,14482.339999871328,0.3,0.7,,0,,,,
pilot2,,3718-8e8574b0-6b68-43f2-9651-6c2a092adaff,,,,,,,6860.589999938384,0.2,0.7,,,,,,
pilot2,,3718-8e8574b0-6b68-43f2-9651-6c2a092adaff,,,,,,,1474.80500000529,0.2,0.7,,0,,,,
pilot2,,8211-c483414b-982e-4f19-95ec-b972bc4049c7,,,,,,,1580.3050000686198,0.3,0.7,,,,,,
pilot2,,8211-c483414b-982e-4f19-95ec-b972bc4049c7,,,,,,,1622.3250000039116,0.3,0.7,,0,,,,
pilot2,,3718-8e8574b0-6b68-43f2-9651-6c2a092adaff,,,,,,,3083.0900000873953,0.2,0.7,,0,,,,
pilot2,,8211-c483414b-982e-4f19-95ec-b972bc4049c7,,,,,,,2530.269999988377,0.3,0.7,,0,,,,
pilot2,,0096-84b68d3d-d0bc-462d-bd86-808265d84a46,,,,,,,14621.044999919832,0.3,0.7,,0,,,,
pilot2,,3718-8e8574b0-6b68-43f2-9651-6c2a092adaff,,,,,,,4373.630000045523,0.2,0.7,,0,,,,
pilot2,,8211-c483414b-982e-4f19-95ec-b972bc4049c7,,,,,,,3806.830000015907,0.3,0.7,,0,,,,
pilot2,,3718-8e8574b0-6b68-43f2-9651-6c2a092adaff,,,,,,,7085.840000072494,0.2,0.7,,0,,,,
pilot2,,8211-c483414b-982e-4f19-95ec-b972bc4049c7,,,,,,,8878.91500000842,0.3,0.7,,0,,,,
pilot2,,3718-8e8574b0-6b68-43f2-9651-6c2a092adaff,,,,,,,5830.210000043735,0.2,0.7,,0,,,,
pilot2,,0096-84b68d3d-d0bc-462d-bd86-808265d84a46,,,,,,,16882.00500002131,0.3,0.7,,,84,practice,,
pilot2,,8211-c483414b-982e-4f19-95ec-b972bc4049c7,,,,,,,7208.9949999935925,0.3,0.7,,0,,,,
pilot2,,0096-84b68d3d-d0bc-462d-bd86-808265d84a46,,,,,,,4913.609999930486,0.3,0.7,,0,,,,
pilot2,,8211-c483414b-982e-4f19-95ec-b972bc4049c7,,,,,,,4700.994999962859,0.3,0.7,,0,,,,
pilot2,,0031-5579d492-4eb2-454e-9bc2-8f5b95b35769,,,,,,,5112.114999996265,0.4,0.7,,,,,,
pilot2,,0031-5579d492-4eb2-454e-9bc2-8f5b95b35769,,,,,,,981.9250000000466,0.4,0.7,,0,,,,
pilot2,,0031-5579d492-4eb2-454e-9bc2-8f5b95b35769,,,,,,,934.4899999996414,0.4,0.7,,0,,,,
pilot2,,0031-5579d492-4eb2-454e-9bc2-8f5b95b35769,,,,,,,862.9599999985658,0.4,0.7,,0,,,,
pilot2,,0031-5579d492-4eb2-454e-9bc2-8f5b95b35769,,,,,,,919.0550000057556,0.4,0.7,,0,,,,
pilot2,,0031-5579d492-4eb2-454e-9bc2-8f5b95b35769,,,,,,,831.1350000003586,0.4,0.7,,0,,,,
pilot2,,0031-5579d492-4eb2-454e-9bc2-8f5b95b35769,,,,,,,1359.135000006063,0.4,0.7,,0,,,,
pilot2,,8211-c483414b-982e-4f19-95ec-b972bc4049c7,,,,,,,11434.205000055954,0.3,0.7,,,63,practice,,
pilot2,,8211-c483414b-982e-4f19-95ec-b972bc4049c7,,,,,,,2502.9400000348687,0.3,0.7,,0,,,,
pilot2,,3718-8e8574b0-6b68-43f2-9651-6c2a092adaff,,,,,,,25309.885000111535,0.2,0.7,,0,,,,
pilot2,,0031-5579d492-4eb2-454e-9bc2-8f5b95b35769,,,,,,,14142.674999995506,0.4,0.7,,,100,practice,,
pilot2,,0031-5579d492-4eb2-454e-9bc2-8f5b95b35769,,,,,,,1374.5899999921676,0.4,0.7,,0,,,,
pilot2,,0096-84b68d3d-d0bc-462d-bd86-808265d84a46,,,,,,,28929.385000141338,0.3,0.7,,,,,,
pilot2,,3718-8e8574b0-6b68-43f2-9651-6c2a092adaff,,,,,,,15395.96000011079,0.2,0.7,,,100,practice,,
pilot2,,8211-c483414b-982e-4f19-95ec-b972bc4049c7,,,,,,,18656.56500007026,0.3,0.7,,,,,,
pilot2,,8211-c483414b-982e-4f19-95ec-b972bc4049c7,,,,,,,1239.9000000441447,0.3,0.7,,0,,,,
pilot2,,3718-8e8574b0-6b68-43f2-9651-6c2a092adaff,,,,,,,1959.315000101924,0.2,0.7,,0,,,,
pilot2,,8211-c483414b-982e-4f19-95ec-b972bc4049c7,,,,,,,,0.3,0.7,,,,,,
pilot2,,8211-c483414b-982e-4f19-95ec-b972bc4049c7,,,,,,,2429.284999961965,0.3,0.7,,,53,isLong,first,
pilot2,,0031-5579d492-4eb2-454e-9bc2-8f5b95b35769,,,,,,,14647.340000010445,0.4,0.7,,,,,,
pilot2,,0031-5579d492-4eb2-454e-9bc2-8f5b95b35769,,,,,,,941.5349999908358,0.4,0.7,,0,,,,
pilot2,,8211-c483414b-982e-4f19-95ec-b972bc4049c7,,,,,,,,0.3,0.7,,,,,,
pilot2,,0031-5579d492-4eb2-454e-9bc2-8f5b95b35769,,,,,,,,0.4,0.7,,,,,,
pilot2,,8211-c483414b-982e-4f19-95ec-b972bc4049c7,,,,,,,6245.425000088289,0.3,0.7,,,48,isLong,second,
pilot2,,0031-5579d492-4eb2-454e-9bc2-8f5b95b35769,,,,,,,9061.314999999013,0.4,0.7,,,65,isLong,first,
pilot2,,8211-c483414b-982e-4f19-95ec-b972bc4049c7,,,,,,,6210.874999989755,0.3,0.7,,0,,2afc,,
pilot2,,0031-5579d492-4eb2-454e-9bc2-8f5b95b35769,,,,,,,,0.4,0.7,,,,,,
pilot2,,0096-84b68d3d-d0bc-462d-bd86-808265d84a46,,,,,,,34293.7249999959,0.3,0.7,,,,,,
pilot2,,0031-5579d492-4eb2-454e-9bc2-8f5b95b35769,,,,,,,7765.755000000354,0.4,0.7,,,78,isLong,second,
pilot2,,0031-5579d492-4eb2-454e-9bc2-8f5b95b35769,,,,,,,2975.110000013956,0.4,0.7,,1,,2afc,,
pilot2,,8211-c483414b-982e-4f19-95ec-b972bc4049c7,,,,,,,13272.774999961257,0.3,0.7,,,100,bias,first,
pilot2,,8211-c483414b-982e-4f19-95ec-b972bc4049c7,,,,,,,2718.815000029281,0.3,0.7,,,0,bias,second,
pilot2,,0031-5579d492-4eb2-454e-9bc2-8f5b95b35769,,,,,,,3710.059999997611,0.4,0.7,,,100,bias,first,
pilot2,,8211-c483414b-982e-4f19-95ec-b972bc4049c7,,,,,,,1958.6649999255314,0.3,0.7,,,,,,
pilot2,,3718-8e8574b0-6b68-43f2-9651-6c2a092adaff,,,,,,,41069.46999998763,0.2,0.7,,,,,,
pilot2,,0031-5579d492-4eb2-454e-9bc2-8f5b95b35769,,,,,,,2447.06999999471,0.4,0.7,,,0,bias,second,
pilot2,,3718-8e8574b0-6b68-43f2-9651-6c2a092adaff,,,,,,,1517.5250000320375,0.2,0.7,,0,,,,
pilot2,,0031-5579d492-4eb2-454e-9bc2-8f5b95b35769,,,,,,,1695.2500000043074,0.4,0.7,,,,,,
pilot2,,3718-8e8574b0-6b68-43f2-9651-6c2a092adaff,,,,,,,,0.2,0.7,,,,,,
pilot2,,0096-84b68d3d-d0bc-462d-bd86-808265d84a46,,,,,,,13434.720000019297,0.3,0.7,,,,,,
pilot2,,3718-8e8574b0-6b68-43f2-9651-6c2a092adaff,,,,,,,14067.109999945387,0.2,0.7,,,0,isLong,first,
pilot2,,3718-8e8574b0-6b68-43f2-9651-6c2a092adaff,,,,,,,,0.2,0.7,,,,,,
pilot2,,2940-51f1832a-2ffb-4bd5-a62f-2b9cf07ea27a,,,,,,,2022.6350000593811,0.5,0.7,,,,,,
pilot2,,1301-5bed4e07-5525-428f-a601-5464c6e7e040,,,,,,,1039.4849999574944,0.2,0.7,,,,,,
pilot2,,3718-8e8574b0-6b68-43f2-9651-6c2a092adaff,,,,,,,6618.299999972805,0.2,0.7,,,100,isLong,second,
pilot2,,1301-5bed4e07-5525-428f-a601-5464c6e7e040,,,,,,,1824.4350000750273,0.2,0.7,,0,,,,
pilot2,,1301-5bed4e07-5525-428f-a601-5464c6e7e040,,,,,,,664.2950000241399,0.2,0.7,,0,,,,
pilot2,,2940-51f1832a-2ffb-4bd5-a62f-2b9cf07ea27a,,,,,,,3559.7950000083074,0.5,0.7,,0,,,,
pilot2,,1301-5bed4e07-5525-428f-a601-5464c6e7e040,,,,,,,1314.9299999931827,0.2,0.7,,0,,,,
pilot2,,3718-8e8574b0-6b68-43f2-9651-6c2a092adaff,,,,,,,3541.650000028312,0.2,0.7,,1,,2afc,,
pilot2,,1301-5bed4e07-5525-428f-a601-5464c6e7e040,,,,,,,450.9649999672547,0.2,0.7,,0,,,,
pilot2,,2940-51f1832a-2ffb-4bd5-a62f-2b9cf07ea27a,,,,,,,2703.75999994576,0.5,0.7,,0,,,,
pilot2,,1301-5bed4e07-5525-428f-a601-5464c6e7e040,,,,,,,1334.984999964945,0.2,0.7,,0,,,,
pilot2,,1301-5bed4e07-5525-428f-a601-5464c6e7e040,,,,,,,383.0799999414012,0.2,0.7,,0,,,,
pilot2,,1301-5bed4e07-5525-428f-a601-5464c6e7e040,,,,,,,3238.3550000377,0.2,0.7,,,54,practice,,
pilot2,,1301-5bed4e07-5525-428f-a601-5464c6e7e040,,,,,,,1122.9549999115989,0.2,0.7,,0,,,,
pilot2,,3718-8e8574b0-6b68-43f2-9651-6c2a092adaff,,,,,,,7126.019999850541,0.2,0.7,,,100,bias,first,
pilot2,,2940-51f1832a-2ffb-4bd5-a62f-2b9cf07ea27a,,,,,,,5843.2449999963865,0.5,0.7,,0,,,,
pilot2,,3718-8e8574b0-6b68-43f2-9651-6c2a092adaff,,,,,,,3693.239999935031,0.2,0.7,,,100,bias,second,
pilot2,,3718-8e8574b0-6b68-43f2-9651-6c2a092adaff,,,,,,,2255.7449999731034,0.2,0.7,,,,,,
pilot2,,1301-5bed4e07-5525-428f-a601-5464c6e7e040,,,,,,,9142.749999999069,0.2,0.7,,,,,,
pilot2,,1301-5bed4e07-5525-428f-a601-5464c6e7e040,,,,,,,817.5800000317395,0.2,0.7,,0,,,,
pilot2,,1301-5bed4e07-5525-428f-a601-5464c6e7e040,,,,,,,,0.2,0.7,,,,,,
pilot2,,1301-5bed4e07-5525-428f-a601-5464c6e7e040,,,,,,,2775.6450000451878,0.2,0.7,,,54,isLong,first,
pilot2,,2940-51f1832a-2ffb-4bd5-a62f-2b9cf07ea27a,,,,,,,16418.375000008382,0.5,0.7,,0,,,,
pilot2,,1301-5bed4e07-5525-428f-a601-5464c6e7e040,,,,,,,,0.2,0.7,,,,,,
pilot2,,1301-5bed4e07-5525-428f-a601-5464c6e7e040,,,,,,,4811.51500006672,0.2,0.7,,,32,isLong,second,
pilot2,,1301-5bed4e07-5525-428f-a601-5464c6e7e040,,,,,,,916.9550000224262,0.2,0.7,,0,,2afc,,
pilot2,,1301-5bed4e07-5525-428f-a601-5464c6e7e040,,,,,,,4590.85000003688,0.2,0.7,,,100,bias,first,
pilot2,,1301-5bed4e07-5525-428f-a601-5464c6e7e040,,,,,,,2132.880000048317,0.2,0.7,,,0,bias,second,
pilot2,,1301-5bed4e07-5525-428f-a601-5464c6e7e040,,,,,,,1918.8249999424443,0.2,0.7,,,,,,
pilot2,,2940-51f1832a-2ffb-4bd5-a62f-2b9cf07ea27a,,,,,,,18780.280000064522,0.5,0.7,,0,,,,
pilot2,,2940-51f1832a-2ffb-4bd5-a62f-2b9cf07ea27a,,,,,,,21911.41499998048,0.5,0.7,,0,,,,
pilot2,,2940-51f1832a-2ffb-4bd5-a62f-2b9cf07ea27a,,,,,,,9881.750000058673,0.5,0.7,,,53,practice,,
pilot2,,2940-51f1832a-2ffb-4bd5-a62f-2b9cf07ea27a,,,,,,,1964.2100000055507,0.5,0.7,,0,,,,
pilot2,,3070-1ca30b38-4d85-40d8-afe1-e0441d38507b,,,,,,,538190.1000000071,0.2,0.7,,,,,,
pilot2,,2940-51f1832a-2ffb-4bd5-a62f-2b9cf07ea27a,,,,,,,17680.11000007391,0.5,0.7,,,,,,
pilot2,,3070-1ca30b38-4d85-40d8-afe1-e0441d38507b,,,,,,,20745.715000026394,0.2,0.7,,0,,,,
pilot2,,3070-1ca30b38-4d85-40d8-afe1-e0441d38507b,,,,,,,4399.314999987837,0.2,0.7,,0,,,,
pilot2,,3070-1ca30b38-4d85-40d8-afe1-e0441d38507b,,,,,,,6675.86499999743,0.2,0.7,,0,,,,
pilot2,,2940-51f1832a-2ffb-4bd5-a62f-2b9cf07ea27a,,,,,,,22837.440000032075,0.5,0.7,,,,,,
pilot2,,2940-51f1832a-2ffb-4bd5-a62f-2b9cf07ea27a,,,,,,,1503.0300000216812,0.5,0.7,,0,,,,
pilot2,,3807-f1bf5e58-b253-484a-bcea-a2124882ba30,,,,,,,3223,0.3,0.7,,,,,,
pilot2,,2940-51f1832a-2ffb-4bd5-a62f-2b9cf07ea27a,,,,,,,,0.5,0.7,,,,,,
pilot2,,3070-1ca30b38-4d85-40d8-afe1-e0441d38507b,,,,,,,16962.27000001818,0.2,0.7,,0,,,,
pilot2,,3807-f1bf5e58-b253-484a-bcea-a2124882ba30,,,,,,,13201,0.3,0.7,,0,,,,
pilot2,,3070-1ca30b38-4d85-40d8-afe1-e0441d38507b,,,,,,,9316.349999979138,0.2,0.7,,0,,,,
pilot2,,3807-f1bf5e58-b253-484a-bcea-a2124882ba30,,,,,,,6731,0.3,0.7,,0,,,,
pilot2,,2940-51f1832a-2ffb-4bd5-a62f-2b9cf07ea27a,,,,,,,17115.11499993503,0.5,0.7,,,80,isLong,first,
pilot2,,2940-51f1832a-2ffb-4bd5-a62f-2b9cf07ea27a,,,,,,,,0.5,0.7,,,,,,
pilot2,,3070-1ca30b38-4d85-40d8-afe1-e0441d38507b,,,,,,,15254.30500000948,0.2,0.7,,0,,,,
pilot2,,2940-51f1832a-2ffb-4bd5-a62f-2b9cf07ea27a,,,,,,,8451.989999972284,0.5,0.7,,,93,isLong,second,
pilot2,,3807-f1bf5e58-b253-484a-bcea-a2124882ba30,,,,,,,14424,0.3,0.7,,0,,,,
pilot2,,2940-51f1832a-2ffb-4bd5-a62f-2b9cf07ea27a,,,,,,,2828.1049999641255,0.5,0.7,,1,,2afc,,
pilot2,,2899-49349c10-1096-4296-8e94-ac49853f2e11,,,,,,,4418.949999962933,0.4,0.7,,,,,,
pilot2,,2940-51f1832a-2ffb-4bd5-a62f-2b9cf07ea27a,,,,,,,6379.120000055991,0.5,0.7,,,82,bias,first,
pilot2,,2940-51f1832a-2ffb-4bd5-a62f-2b9cf07ea27a,,,,,,,2761.1849999520928,0.5,0.7,,,18,bias,second,
pilot2,,2940-51f1832a-2ffb-4bd5-a62f-2b9cf07ea27a,,,,,,,1604.4950000941753,0.5,0.7,,,,,,
pilot2,,3807-f1bf5e58-b253-484a-bcea-a2124882ba30,,,,,,,13326,0.3,0.7,,0,,,,
pilot2,,3070-1ca30b38-4d85-40d8-afe1-e0441d38507b,,,,,,,19194.024999975227,0.2,0.7,,,60,practice,,
pilot2,,3070-1ca30b38-4d85-40d8-afe1-e0441d38507b,,,,,,,2284.4550000154413,0.2,0.7,,0,,,,
pilot2,,3807-f1bf5e58-b253-484a-bcea-a2124882ba30,,,,,,,13943,0.3,0.7,,0,,,,
pilot2,,3807-f1bf5e58-b253-484a-bcea-a2124882ba30,,,,,,,8737,0.3,0.7,,0,,,,
pilot2,,3070-1ca30b38-4d85-40d8-afe1-e0441d38507b,,,,,,,31691.11499999417,0.2,0.7,,,,,,
pilot2,,3070-1ca30b38-4d85-40d8-afe1-e0441d38507b,,,,,,,1595.7700000144541,0.2,0.7,,0,,,,
pilot2,,3807-f1bf5e58-b253-484a-bcea-a2124882ba30,,,,,,,14544,0.3,0.7,,,55,practice,,
pilot2,,3807-f1bf5e58-b253-484a-bcea-a2124882ba30,,,,,,,2196,0.3,0.7,,0,,,,
pilot2,,3070-1ca30b38-4d85-40d8-afe1-e0441d38507b,,,,,,,,0.2,0.7,,,,,,
pilot2,,2899-49349c10-1096-4296-8e94-ac49853f2e11,,,,,,,62825.19999996293,0.4,0.7,,0,,,,
pilot2,,3070-1ca30b38-4d85-40d8-afe1-e0441d38507b,,,,,,,11991.61499994807,0.2,0.7,,,41,isLong,first,
pilot2,,3070-1ca30b38-4d85-40d8-afe1-e0441d38507b,,,,,,,,0.2,0.7,,,,,,
pilot2,,2899-49349c10-1096-4296-8e94-ac49853f2e11,,,,,,,5439.5699999295175,0.4,0.7,,0,,,,
pilot2,,3070-1ca30b38-4d85-40d8-afe1-e0441d38507b,,,,,,,8247.75999999838,0.2,0.7,,,31,isLong,second,
pilot2,,2899-49349c10-1096-4296-8e94-ac49853f2e11,,,,,,,8902.164999977686,0.4,0.7,,0,,,,
pilot2,,3070-1ca30b38-4d85-40d8-afe1-e0441d38507b,,,,,,,5144.545000046492,0.2,0.7,,0,,2afc,,
pilot2,,3807-f1bf5e58-b253-484a-bcea-a2124882ba30,,,,,,,38426,0.3,0.7,,,,,,
pilot2,,3070-1ca30b38-4d85-40d8-afe1-e0441d38507b,,,,,,,9830.194999987725,0.2,0.7,,,97,bias,first,
pilot2,,3070-1ca30b38-4d85-40d8-afe1-e0441d38507b,,,,,,,3939.57499996759,0.2,0.7,,,2,bias,second,
pilot2,,6584-e099a867-0f78-4987-a21b-b648fe5ac801,,,,,,,1982.9800000297837,0.3,0.7,,,,,,
pilot2,,3070-1ca30b38-4d85-40d8-afe1-e0441d38507b,,,,,,,2841.4750000229105,0.2,0.7,,,,,,
pilot2,,6584-e099a867-0f78-4987-a21b-b648fe5ac801,,,,,,,1698.629999998957,0.3,0.7,,0,,,,
pilot2,,6584-e099a867-0f78-4987-a21b-b648fe5ac801,,,,,,,3233.1250000279397,0.3,0.7,,0,,,,
pilot2,,6584-e099a867-0f78-4987-a21b-b648fe5ac801,,,,,,,5404.240000003483,0.3,0.7,,0,,,,
pilot2,,3286-61ff4b64-d88b-412c-ba98-dc63f3fb64e6,,,,,,,11968.39000005275,0.4,0.7,,,,,,
pilot2,,3286-61ff4b64-d88b-412c-ba98-dc63f3fb64e6,,,,,,,1241.0349999554455,0.4,0.7,,0,,,,
pilot2,,3286-61ff4b64-d88b-412c-ba98-dc63f3fb64e6,,,,,,,2964.505000039935,0.4,0.7,,0,,,,
pilot2,,6584-e099a867-0f78-4987-a21b-b648fe5ac801,,,,,,,11154.354999947827,0.3,0.7,,0,,,,
pilot2,,3286-61ff4b64-d88b-412c-ba98-dc63f3fb64e6,,,,,,,3982.615000102669,0.4,0.7,,0,,,,
pilot2,,6584-e099a867-0f78-4987-a21b-b648fe5ac801,,,,,,,5828.84000003105,0.3,0.7,,0,,,,
pilot2,,2899-49349c10-1096-4296-8e94-ac49853f2e11,,,,,,,53845.710000023246,0.4,0.7,,0,,,,
pilot2,,3286-61ff4b64-d88b-412c-ba98-dc63f3fb64e6,,,,,,,11634.77999996394,0.4,0.7,,0,,,,
pilot2,,6584-e099a867-0f78-4987-a21b-b648fe5ac801,,,,,,,10448.479999962728,0.3,0.7,,0,,,,
pilot2,,3286-61ff4b64-d88b-412c-ba98-dc63f3fb64e6,,,,,,,4790.81999999471,0.4,0.7,,0,,,,
pilot2,,2899-49349c10-1096-4296-8e94-ac49853f2e11,,,,,,,9374.079999979585,0.4,0.7,,0,,,,
pilot2,,3286-61ff4b64-d88b-412c-ba98-dc63f3fb64e6,,,,,,,7629.080000100657,0.4,0.7,,0,,,,
pilot2,,6584-e099a867-0f78-4987-a21b-b648fe5ac801,,,,,,,14297.779999964405,0.3,0.7,,,76,practice,,
pilot2,,2899-49349c10-1096-4296-8e94-ac49853f2e11,,,,,,,8878.469999996014,0.4,0.7,,0,,,,
pilot2,,6584-e099a867-0f78-4987-a21b-b648fe5ac801,,,,,,,2925.3650000318885,0.3,0.7,,0,,,,
pilot2,,3286-61ff4b64-d88b-412c-ba98-dc63f3fb64e6,,,,,,,10466.895000077784,0.4,0.7,,,72,practice,,
pilot2,,3286-61ff4b64-d88b-412c-ba98-dc63f3fb64e6,,,,,,,6569.900000002235,0.4,0.7,,0,,,,
pilot2,,2899-49349c10-1096-4296-8e94-ac49853f2e11,,,,,,,18483.96500002127,0.4,0.7,,,0,practice,,
pilot2,,6584-e099a867-0f78-4987-a21b-b648fe5ac801,,,,,,,18900.049999996554,0.3,0.7,,,,,,
pilot2,,6584-e099a867-0f78-4987-a21b-b648fe5ac801,,,,,,,1388.3050000295043,0.3,0.7,,0,,,,
pilot2,,6584-e099a867-0f78-4987-a21b-b648fe5ac801,,,,,,,,0.3,0.7,,,,,,
pilot2,,3286-61ff4b64-d88b-412c-ba98-dc63f3fb64e6,,,,,,,16376.614999957383,0.4,0.7,,,,,,
pilot2,,3286-61ff4b64-d88b-412c-ba98-dc63f3fb64e6,,,,,,,1445.1649999246001,0.4,0.7,,0,,,,
pilot2,,2899-49349c10-1096-4296-8e94-ac49853f2e11,,,,,,,12539.789999951608,0.4,0.7,,0,,,,
pilot2,,3286-61ff4b64-d88b-412c-ba98-dc63f3fb64e6,,,,,,,,0.4,0.7,,,,,,
pilot2,,4985-fc0e581d-54cb-48fd-8f49-542b9d6a304c,,,,,,,2107.5000000000728,0.5,0.7,,,,,,
pilot2,,4985-fc0e581d-54cb-48fd-8f49-542b9d6a304c,,,,,,,1605.8800000009796,0.5,0.7,,0,,,,
pilot2,,6584-e099a867-0f78-4987-a21b-b648fe5ac801,,,,,,,10288.444999954663,0.3,0.7,,,70,isLong,first,
pilot2,,4985-fc0e581d-54cb-48fd-8f49-542b9d6a304c,,,,,,,1198.4649999994872,0.5,0.7,,0,,,,
pilot2,,3286-61ff4b64-d88b-412c-ba98-dc63f3fb64e6,,,,,,,7300.499999895692,0.4,0.7,,,55,isLong,first,
pilot2,,4985-fc0e581d-54cb-48fd-8f49-542b9d6a304c,,,,,,,3847.665000001143,0.5,0.7,,0,,,,
pilot2,,6584-e099a867-0f78-4987-a21b-b648fe5ac801,,,,,,,,0.3,0.7,,,,,,
pilot2,,3286-61ff4b64-d88b-412c-ba98-dc63f3fb64e6,,,,,,,,0.4,0.7,,,,,,
pilot2,,4985-fc0e581d-54cb-48fd-8f49-542b9d6a304c,,,,,,,4867.865000000165,0.5,0.7,,0,,,,
pilot2,,4985-fc0e581d-54cb-48fd-8f49-542b9d6a304c,,,,,,,2352.2700000012264,0.5,0.7,,0,,,,
pilot2,,6584-e099a867-0f78-4987-a21b-b648fe5ac801,,,,,,,8412.30500000529,0.3,0.7,,,72,isLong,second,
pilot2,,2899-49349c10-1096-4296-8e94-ac49853f2e11,,,,,,,23283.159999991767,0.4,0.7,,,,,,
pilot2,,6584-e099a867-0f78-4987-a21b-b648fe5ac801,,,,,,,4311.979999998584,0.3,0.7,,1,,2afc,,
pilot2,,3286-61ff4b64-d88b-412c-ba98-dc63f3fb64e6,,,,,,,11627.820000052452,0.4,0.7,,,55,isLong,second,
pilot2,,6584-e099a867-0f78-4987-a21b-b648fe5ac801,,,,,,,7052.1300000255,0.3,0.7,,,100,bias,first,
pilot2,,3286-61ff4b64-d88b-412c-ba98-dc63f3fb64e6,,,,,,,6710.579999955371,0.4,0.7,,1,,2afc,,
pilot2,,4985-fc0e581d-54cb-48fd-8f49-542b9d6a304c,,,,,,,15530.984999999419,0.5,0.7,,0,,,,
pilot2,,6584-e099a867-0f78-4987-a21b-b648fe5ac801,,,,,,,3306.2250000075437,0.3,0.7,,,0,bias,second,
pilot2,,6584-e099a867-0f78-4987-a21b-b648fe5ac801,,,,,,,2171.799999952782,0.3,0.7,,,,,,
pilot2,,3286-61ff4b64-d88b-412c-ba98-dc63f3fb64e6,,,,,,,5064.625000115484,0.4,0.7,,,95,bias,first,
pilot2,,3286-61ff4b64-d88b-412c-ba98-dc63f3fb64e6,,,,,,,3148.784999968484,0.4,0.7,,,3,bias,second,
pilot2,,3286-61ff4b64-d88b-412c-ba98-dc63f3fb64e6,,,,,,,1281.3099999912083,0.4,0.7,,,,,,
pilot2,,2899-49349c10-1096-4296-8e94-ac49853f2e11,,,,,,,20861.57499998808,0.4,0.7,,,,,,
pilot2,,3807-f1bf5e58-b253-484a-bcea-a2124882ba30,,,,,,,149816,0.3,0.7,,,,,,
pilot2,,3807-f1bf5e58-b253-484a-bcea-a2124882ba30,,,,,,,1778,0.3,0.7,,0,,,,
pilot2,,3807-f1bf5e58-b253-484a-bcea-a2124882ba30,,,,,,,,0.3,0.7,,,,,,
pilot2,,2899-49349c10-1096-4296-8e94-ac49853f2e11,,,,,,,13441.054999944754,0.4,0.7,,,,,,
pilot2,,3807-f1bf5e58-b253-484a-bcea-a2124882ba30,,,,,,,17247,0.3,0.7,,,53,isLong,first,
pilot2,,3807-f1bf5e58-b253-484a-bcea-a2124882ba30,,,,,,,,0.3,0.7,,,,,,
pilot2,,3807-f1bf5e58-b253-484a-bcea-a2124882ba30,,,,,,,8762,0.3,0.7,,,48,isLong,second,
pilot2,,3807-f1bf5e58-b253-484a-bcea-a2124882ba30,,,,,,,6692,0.3,0.7,,1,,2afc,,
pilot2,,3807-f1bf5e58-b253-484a-bcea-a2124882ba30,,,,,,,10433,0.3,0.7,,,100,bias,first,
pilot2,,3807-f1bf5e58-b253-484a-bcea-a2124882ba30,,,,,,,3811,0.3,0.7,,,0,bias,second,
pilot2,,3807-f1bf5e58-b253-484a-bcea-a2124882ba30,,,,,,,1873,0.3,0.7,,,,,,
pilot2,,4985-fc0e581d-54cb-48fd-8f49-542b9d6a304c,,,,,,,95933.87500000063,0.5,0.7,,,51,practice,,
pilot2,,4985-fc0e581d-54cb-48fd-8f49-542b9d6a304c,,,,,,,1372.5000000013097,0.5,0.7,,0,,,,
pilot2,,4985-fc0e581d-54cb-48fd-8f49-542b9d6a304c,,,,,,,21917.06499999964,0.5,0.7,,,,,,
pilot2,,4985-fc0e581d-54cb-48fd-8f49-542b9d6a304c,,,,,,,1703.0150000009453,0.5,0.7,,0,,,,
pilot2,,4985-fc0e581d-54cb-48fd-8f49-542b9d6a304c,,,,,,,,0.5,0.7,,,,,,
pilot2,,4985-fc0e581d-54cb-48fd-8f49-542b9d6a304c,,,,,,,6725.945000000123,0.5,0.7,,,58,isLong,first,
pilot2,,4985-fc0e581d-54cb-48fd-8f49-542b9d6a304c,,,,,,,,0.5,0.7,,,,,,
pilot2,,4985-fc0e581d-54cb-48fd-8f49-542b9d6a304c,,,,,,,9647.264999999607,0.5,0.7,,,91,isLong,second,
pilot2,,4985-fc0e581d-54cb-48fd-8f49-542b9d6a304c,,,,,,,2139.024999998597,0.5,0.7,,1,,2afc,,
pilot2,,4985-fc0e581d-54cb-48fd-8f49-542b9d6a304c,,,,,,,5107.72499999986,0.5,0.7,,,100,bias,first,
pilot2,,4985-fc0e581d-54cb-48fd-8f49-542b9d6a304c,,,,,,,4053.6400000001013,0.5,0.7,,,0,bias,second,
pilot2,,4985-fc0e581d-54cb-48fd-8f49-542b9d6a304c,,,,,,,7456.379999999626,0.5,0.7,,,,,,
pilot2,,6938-6231ed09-192d-4745-b2a6-f94b4c5193de,,,,,,,12658.834999994724,0.4,0.7,,,,,,
pilot2,,6938-6231ed09-192d-4745-b2a6-f94b4c5193de,,,,,,,1580.0000000017462,0.4,0.7,,0,,,,
pilot2,,6938-6231ed09-192d-4745-b2a6-f94b4c5193de,,,,,,,2784.3700000012177,0.4,0.7,,0,,,,
pilot2,,6938-6231ed09-192d-4745-b2a6-f94b4c5193de,,,,,,,3261.9899999990594,0.4,0.7,,0,,,,
pilot2,,6938-6231ed09-192d-4745-b2a6-f94b4c5193de,,,,,,,7944.569999999658,0.4,0.7,,0,,,,
pilot2,,6938-6231ed09-192d-4745-b2a6-f94b4c5193de,,,,,,,6249.949999997625,0.4,0.7,,0,,,,
pilot2,,6938-6231ed09-192d-4745-b2a6-f94b4c5193de,,,,,,,4491.860000001907,0.4,0.7,,0,,,,
pilot2,,6938-6231ed09-192d-4745-b2a6-f94b4c5193de,,,,,,,8030.510000004142,0.4,0.7,,,23,practice,,
pilot2,,6938-6231ed09-192d-4745-b2a6-f94b4c5193de,,,,,,,2627.0450000010896,0.4,0.7,,0,,,,
pilot2,,8010-57ad6570-0b82-4964-9112-69a84b42321b,,,,,,,1755,0.5,0.7,,,,,,
pilot2,,8010-57ad6570-0b82-4964-9112-69a84b42321b,,,,,,,11105,0.5,0.7,,0,,,,
pilot2,,8010-57ad6570-0b82-4964-9112-69a84b42321b,,,,,,,7805,0.5,0.7,,0,,,,
pilot2,,6938-6231ed09-192d-4745-b2a6-f94b4c5193de,,,,,,,25753.77500000468,0.4,0.7,,,,,,
pilot2,,8010-57ad6570-0b82-4964-9112-69a84b42321b,,,,,,,5278,0.5,0.7,,0,,,,
pilot2,,8010-57ad6570-0b82-4964-9112-69a84b42321b,,,,,,,9324,0.5,0.7,,0,,,,
pilot2,,8010-57ad6570-0b82-4964-9112-69a84b42321b,,,,,,,5818,0.5,0.7,,0,,,,
pilot2,,8010-57ad6570-0b82-4964-9112-69a84b42321b,,,,,,,9263,0.5,0.7,,0,,,,
pilot2,,8010-57ad6570-0b82-4964-9112-69a84b42321b,,,,,,,14231,0.5,0.7,,,70,practice,,
pilot2,,8010-57ad6570-0b82-4964-9112-69a84b42321b,,,,,,,2350,0.5,0.7,,0,,,,
pilot2,,8010-57ad6570-0b82-4964-9112-69a84b42321b,,,,,,,19373,0.5,0.7,,,,,,
pilot2,,8010-57ad6570-0b82-4964-9112-69a84b42321b,,,,,,,861,0.5,0.7,,0,,,,
pilot2,,8010-57ad6570-0b82-4964-9112-69a84b42321b,,,,,,,,0.5,0.7,,,,,,
pilot2,,8010-57ad6570-0b82-4964-9112-69a84b42321b,,,,,,,9340,0.5,0.7,,,39,isLong,first,
pilot2,,8010-57ad6570-0b82-4964-9112-69a84b42321b,,,,,,,,0.5,0.7,,,,,,
pilot2,,8010-57ad6570-0b82-4964-9112-69a84b42321b,,,,,,,10691,0.5,0.7,,,62,isLong,second,
pilot2,,6574-ba50cd6a-1470-4f31-9850-0430607988c7,,,,,,,5381.719999997586,0.2,0.7,,,,,,
pilot2,,8010-57ad6570-0b82-4964-9112-69a84b42321b,,,,,,,6481,0.5,0.7,,1,,2afc,,
pilot2,,8010-57ad6570-0b82-4964-9112-69a84b42321b,,,,,,,6197,0.5,0.7,,,61,bias,first,
pilot2,,8010-57ad6570-0b82-4964-9112-69a84b42321b,,,,,,,4895,0.5,0.7,,,31,bias,second,
pilot2,,8010-57ad6570-0b82-4964-9112-69a84b42321b,,,,,,,1609,0.5,0.7,,,,,,
pilot2,,6574-ba50cd6a-1470-4f31-9850-0430607988c7,,,,,,,28741.949999995995,0.2,0.7,,0,,,,
pilot2,,6574-ba50cd6a-1470-4f31-9850-0430607988c7,,,,,,,5621.800000000803,0.2,0.7,,0,,,,
pilot2,,6574-ba50cd6a-1470-4f31-9850-0430607988c7,,,,,,,8991.345000002184,0.2,0.7,,0,,,,
pilot2,,6574-ba50cd6a-1470-4f31-9850-0430607988c7,,,,,,,18550.555000001623,0.2,0.7,,0,,,,
pilot2,,6574-ba50cd6a-1470-4f31-9850-0430607988c7,,,,,,,11270.384999996168,0.2,0.7,,0,,,,
pilot2,,6574-ba50cd6a-1470-4f31-9850-0430607988c7,,,,,,,11679.045000004407,0.2,0.7,,0,,,,
pilot2,,6574-ba50cd6a-1470-4f31-9850-0430607988c7,,,,,,,25910.3099999993,0.2,0.7,,,57,practice,,
pilot2,,1479-7a22a34d-a280-4a45-823e-10db9d4e7bcb,,,,,,,5941.240000072867,0.3,0.7,,,,,,
pilot2,,6574-ba50cd6a-1470-4f31-9850-0430607988c7,,,,,,,3622.444999993604,0.2,0.7,,0,,,,
pilot2,,6574-ba50cd6a-1470-4f31-9850-0430607988c7,,,,,,,26518.529999993916,0.2,0.7,,,,,,
pilot2,,6574-ba50cd6a-1470-4f31-9850-0430607988c7,,,,,,,1395.3900000051362,0.2,0.7,,0,,,,
pilot2,,6574-ba50cd6a-1470-4f31-9850-0430607988c7,,,,,,,,0.2,0.7,,,,,,
pilot2,,6574-ba50cd6a-1470-4f31-9850-0430607988c7,,,,,,,10594.994999999471,0.2,0.7,,,73,isLong,first,
pilot2,,6574-ba50cd6a-1470-4f31-9850-0430607988c7,,,,,,,,0.2,0.7,,,,,,
pilot2,,6574-ba50cd6a-1470-4f31-9850-0430607988c7,,,,,,,9522.43499999895,0.2,0.7,,,55,isLong,second,
pilot2,,6574-ba50cd6a-1470-4f31-9850-0430607988c7,,,,,,,5799.159999995027,0.2,0.7,,1,,2afc,,
pilot2,,6574-ba50cd6a-1470-4f31-9850-0430607988c7,,,,,,,13263.124999997672,0.2,0.7,,,92,bias,first,
pilot2,,6574-ba50cd6a-1470-4f31-9850-0430607988c7,,,,,,,10495.029999998224,0.2,0.7,,,8,bias,second,
pilot2,,6574-ba50cd6a-1470-4f31-9850-0430607988c7,,,,,,,2568.1250000052387,0.2,0.7,,,,,,
pilot2,,1479-7a22a34d-a280-4a45-823e-10db9d4e7bcb,,,,,,,97832.36999996006,0.3,0.7,,0,,,,
pilot2,,1479-7a22a34d-a280-4a45-823e-10db9d4e7bcb,,,,,,,1884.8500000312924,0.3,0.7,,0,,,,
pilot2,,1479-7a22a34d-a280-4a45-823e-10db9d4e7bcb,,,,,,,1458.1850001122802,0.3,0.7,,0,,,,
pilot2,,1479-7a22a34d-a280-4a45-823e-10db9d4e7bcb,,,,,,,3578.845000010915,0.3,0.7,,0,,,,
pilot2,,1479-7a22a34d-a280-4a45-823e-10db9d4e7bcb,,,,,,,1499.0949999773875,0.3,0.7,,0,,,,
pilot2,,1479-7a22a34d-a280-4a45-823e-10db9d4e7bcb,,,,,,,1220.7849998958409,0.3,0.7,,0,,,,
pilot2,,1479-7a22a34d-a280-4a45-823e-10db9d4e7bcb,,,,,,,7788.275000057183,0.3,0.7,,,9,practice,,
pilot2,,1479-7a22a34d-a280-4a45-823e-10db9d4e7bcb,,,,,,,1752.5400000158697,0.3,0.7,,0,,,,
pilot2,,5510-37726834-c020-43c3-b477-d1fdc41c3601,,,,,,,5820.064999978058,0.3,0.7,,,,,,
pilot2,,5510-37726834-c020-43c3-b477-d1fdc41c3601,,,,,,,22531.814999994822,0.3,0.7,,0,,,,
pilot2,,5510-37726834-c020-43c3-b477-d1fdc41c3601,,,,,,,8567.940000095405,0.3,0.7,,0,,,,
pilot2,,5510-37726834-c020-43c3-b477-d1fdc41c3601,,,,,,,39714.580000028946,0.3,0.7,,0,,,,
pilot2,,8530-13d23f0d-1b8d-45d1-837c-6e52c2fee43a,,,,,,,22564.99999994412,0.4,0.7,,,,,,
pilot2,,8530-13d23f0d-1b8d-45d1-837c-6e52c2fee43a,,,,,,,6360.999999917112,0.4,0.7,,0,,,,
pilot2,,8530-13d23f0d-1b8d-45d1-837c-6e52c2fee43a,,,,,,,3244.9999999953434,0.4,0.7,,0,,,,
pilot2,,5510-37726834-c020-43c3-b477-d1fdc41c3601,,,,,,,29715.03500000108,0.3,0.7,,0,,,,
pilot2,,8530-13d23f0d-1b8d-45d1-837c-6e52c2fee43a,,,,,,,6314.0000000130385,0.4,0.7,,0,,,,
pilot2,,8530-13d23f0d-1b8d-45d1-837c-6e52c2fee43a,,,,,,,7442.999999970198,0.4,0.7,,0,,,,
pilot2,,8530-13d23f0d-1b8d-45d1-837c-6e52c2fee43a,,,,,,,4073.9999999059364,0.4,0.7,,0,,,,
pilot2,,8530-13d23f0d-1b8d-45d1-837c-6e52c2fee43a,,,,,,,4507.999999914318,0.4,0.7,,0,,,,
pilot2,,8530-13d23f0d-1b8d-45d1-837c-6e52c2fee43a,,,,,,,8846.000000019558,0.4,0.7,,,90,practice,,
pilot2,,8530-13d23f0d-1b8d-45d1-837c-6e52c2fee43a,,,,,,,2386.999999987893,0.4,0.7,,0,,,,
pilot2,,5510-37726834-c020-43c3-b477-d1fdc41c3601,,,,,,,32848.6349999439,0.3,0.7,,0,,,,
pilot2,,8530-13d23f0d-1b8d-45d1-837c-6e52c2fee43a,,,,,,,19946.999999927357,0.4,0.7,,,,,,
pilot2,,5510-37726834-c020-43c3-b477-d1fdc41c3601,,,,,,,25106.574999983422,0.3,0.7,,0,,,,
pilot2,,8530-13d23f0d-1b8d-45d1-837c-6e52c2fee43a,,,,,,,11439.000000013039,0.4,0.7,,,,,,
pilot2,,8530-13d23f0d-1b8d-45d1-837c-6e52c2fee43a,,,,,,,15317.000000039116,0.4,0.7,,,,,,
pilot2,,5510-37726834-c020-43c3-b477-d1fdc41c3601,,,,,,,53581.89500006847,0.3,0.7,,,61,practice,,
pilot2,,7484-722367a8-53d1-4317-a545-ca80abbbed14,,,,,,,1713.9999999199063,0.3,0.7,,,,,,
pilot2,,7484-722367a8-53d1-4317-a545-ca80abbbed14,,,,,,,1810.9999999869615,0.3,0.7,,0,,,,
pilot2,,5510-37726834-c020-43c3-b477-d1fdc41c3601,,,,,,,8068.784999893978,0.3,0.7,,0,,,,
pilot2,,7484-722367a8-53d1-4317-a545-ca80abbbed14,,,,,,,1426.9999999087304,0.3,0.7,,0,,,,
pilot2,,7484-722367a8-53d1-4317-a545-ca80abbbed14,,,,,,,1667.0000000158325,0.3,0.7,,0,,,,
pilot2,,7484-722367a8-53d1-4317-a545-ca80abbbed14,,,,,,,6297.000000020489,0.3,0.7,,0,,,,
pilot2,,7484-722367a8-53d1-4317-a545-ca80abbbed14,,,,,,,3450.000000069849,0.3,0.7,,0,,,,
pilot2,,7484-722367a8-53d1-4317-a545-ca80abbbed14,,,,,,,3545.9999999729916,0.3,0.7,,0,,,,
pilot2,,5435-75e870d7-979d-4b1e-a1eb-c8c4011b32b3,,,,,,,2428.6250000004657,0.4,0.7,,,,,,
pilot2,,7484-722367a8-53d1-4317-a545-ca80abbbed14,,,,,,,21187.99999996554,0.3,0.7,,,95,practice,,
pilot2,,7484-722367a8-53d1-4317-a545-ca80abbbed14,,,,,,,2268.000000040047,0.3,0.7,,0,,,,
pilot2,,7484-722367a8-53d1-4317-a545-ca80abbbed14,,,,,,,15587.999999988824,0.3,0.7,,,,,,
pilot2,,5510-37726834-c020-43c3-b477-d1fdc41c3601,,,,,,,77016.55500009656,0.3,0.7,,,,,,
pilot2,,7484-722367a8-53d1-4317-a545-ca80abbbed14,,,,,,,22912.000000011176,0.3,0.7,,,,,,
pilot2,,7484-722367a8-53d1-4317-a545-ca80abbbed14,,,,,,,24192.000000039116,0.3,0.7,,,,,,
pilot2,,5510-37726834-c020-43c3-b477-d1fdc41c3601,,,,,,,64806.624999968335,0.3,0.7,,,,,,
pilot2,,5510-37726834-c020-43c3-b477-d1fdc41c3601,,,,,,,2734.3249999685213,0.3,0.7,,0,,,,
pilot2,,5510-37726834-c020-43c3-b477-d1fdc41c3601,,,,,,,,0.3,0.7,,,,,,
pilot2,,1938-8ab93e50-abf8-44db-acab-9b65cba2c968,,,,,,,2070.66500000019,0.5,0.7,,,,,,
pilot2,,1938-8ab93e50-abf8-44db-acab-9b65cba2c968,,,,,,,2108.664999999746,0.5,0.7,,0,,,,
pilot2,,1938-8ab93e50-abf8-44db-acab-9b65cba2c968,,,,,,,2978.9849999997386,0.5,0.7,,0,,,,
pilot2,,1938-8ab93e50-abf8-44db-acab-9b65cba2c968,,,,,,,5749.055000000226,0.5,0.7,,0,,,,
pilot2,,1938-8ab93e50-abf8-44db-acab-9b65cba2c968,,,,,,,7368.8899999997375,0.5,0.7,,0,,,,
pilot2,,5510-37726834-c020-43c3-b477-d1fdc41c3601,,,,,,,34374.86500001978,0.3,0.7,,,87,isLong,first,
pilot2,,5510-37726834-c020-43c3-b477-d1fdc41c3601,,,,,,,,0.3,0.7,,,,,,
pilot2,,1938-8ab93e50-abf8-44db-acab-9b65cba2c968,,,,,,,12983.350000000428,0.5,0.7,,0,,,,
pilot2,,1938-8ab93e50-abf8-44db-acab-9b65cba2c968,,,,,,,4488.425000000461,0.5,0.7,,0,,,,
pilot2,,1938-8ab93e50-abf8-44db-acab-9b65cba2c968,,,,,,,13478.215000000091,0.5,0.7,,,80,practice,,
pilot2,,1938-8ab93e50-abf8-44db-acab-9b65cba2c968,,,,,,,1643.1349999993472,0.5,0.7,,0,,,,
pilot2,,5510-37726834-c020-43c3-b477-d1fdc41c3601,,,,,,,37080.97999996971,0.3,0.7,,,24,isLong,second,
pilot2,,1938-8ab93e50-abf8-44db-acab-9b65cba2c968,,,,,,,25364.415000000008,0.5,0.7,,,,,,
pilot2,,1938-8ab93e50-abf8-44db-acab-9b65cba2c968,,,,,,,1112.8100000005215,0.5,0.7,,0,,,,
pilot2,,1938-8ab93e50-abf8-44db-acab-9b65cba2c968,,,,,,,,0.5,0.7,,,,,,
pilot2,,1938-8ab93e50-abf8-44db-acab-9b65cba2c968,,,,,,,9028.694999999978,0.5,0.7,,,76,isLong,first,
pilot2,,5435-75e870d7-979d-4b1e-a1eb-c8c4011b32b3,,,,,,,229040.60999999638,0.4,0.7,,0,,,,
pilot2,,1938-8ab93e50-abf8-44db-acab-9b65cba2c968,,,,,,,,0.5,0.7,,,,,,
pilot2,,5435-75e870d7-979d-4b1e-a1eb-c8c4011b32b3,,,,,,,3896.515000000363,0.4,0.7,,0,,,,
pilot2,,5510-37726834-c020-43c3-b477-d1fdc41c3601,,,,,,,32809.13000006694,0.3,0.7,,0,,2afc,,
pilot2,,1938-8ab93e50-abf8-44db-acab-9b65cba2c968,,,,,,,5437.130000000267,0.5,0.7,,,90,isLong,second,
pilot2,,1938-8ab93e50-abf8-44db-acab-9b65cba2c968,,,,,,,2252.3549999996176,0.5,0.7,,1,,2afc,,
pilot2,,1938-8ab93e50-abf8-44db-acab-9b65cba2c968,,,,,,,6736.614999999787,0.5,0.7,,,94,bias,first,
pilot2,,5435-75e870d7-979d-4b1e-a1eb-c8c4011b32b3,,,,,,,17604.595000011614,0.4,0.7,,0,,,,
pilot2,,1938-8ab93e50-abf8-44db-acab-9b65cba2c968,,,,,,,8128.894999999844,0.5,0.7,,,50,bias,second,
pilot2,,1938-8ab93e50-abf8-44db-acab-9b65cba2c968,,,,,,,1808.3999999998923,0.5,0.7,,,,,,
pilot2,,5510-37726834-c020-43c3-b477-d1fdc41c3601,,,,,,,31832.290000049397,0.3,0.7,,,62,bias,first,
pilot2,,5510-37726834-c020-43c3-b477-d1fdc41c3601,,,,,,,7592.899999930523,0.3,0.7,,,40,bias,second,
pilot2,,5510-37726834-c020-43c3-b477-d1fdc41c3601,,,,,,,4502.220000023954,0.3,0.7,,,,,,
pilot2,,5435-75e870d7-979d-4b1e-a1eb-c8c4011b32b3,,,,,,,30355.864999990445,0.4,0.7,,0,,,,
pilot2,,5435-75e870d7-979d-4b1e-a1eb-c8c4011b32b3,,,,,,,17544.65500000515,0.4,0.7,,0,,,,
pilot2,,5435-75e870d7-979d-4b1e-a1eb-c8c4011b32b3,,,,,,,15001.030000013998,0.4,0.7,,0,,,,
pilot2,,5435-75e870d7-979d-4b1e-a1eb-c8c4011b32b3,,,,,,,12999.585000012303,0.4,0.7,,,63,practice,,
pilot2,,5435-75e870d7-979d-4b1e-a1eb-c8c4011b32b3,,,,,,,3454.6250000130385,0.4,0.7,,0,,,,
pilot2,,5435-75e870d7-979d-4b1e-a1eb-c8c4011b32b3,,,,,,,16982.0550000004,0.4,0.7,,,,,,
pilot2,,5435-75e870d7-979d-4b1e-a1eb-c8c4011b32b3,,,,,,,1178.6949999805074,0.4,0.7,,0,,,,
pilot2,,5435-75e870d7-979d-4b1e-a1eb-c8c4011b32b3,,,,,,,,0.4,0.7,,,,,,
pilot2,,5435-75e870d7-979d-4b1e-a1eb-c8c4011b32b3,,,,,,,12329.575000010664,0.4,0.7,,,52,isLong,first,
pilot2,,5435-75e870d7-979d-4b1e-a1eb-c8c4011b32b3,,,,,,,,0.4,0.7,,,,,,
pilot2,,5435-75e870d7-979d-4b1e-a1eb-c8c4011b32b3,,,,,,,16823.8850000198,0.4,0.7,,,58,isLong,second,
pilot2,,5435-75e870d7-979d-4b1e-a1eb-c8c4011b32b3,,,,,,,5067.875000007916,0.4,0.7,,1,,2afc,,
pilot2,,5435-75e870d7-979d-4b1e-a1eb-c8c4011b32b3,,,,,,,9099.124999978812,0.4,0.7,,,100,bias,first,
pilot2,,5435-75e870d7-979d-4b1e-a1eb-c8c4011b32b3,,,,,,,4372.514999995474,0.4,0.7,,,0,bias,second,
pilot2,,5435-75e870d7-979d-4b1e-a1eb-c8c4011b32b3,,,,,,,2200.810000009369,0.4,0.7,,,,,,
