numExp,agentBias,biasPrior,sampleMean,MAP_S1,idx_MAP_S1,MAP_S2,idx_MAP_S2,max_S1,max_S2
0,2.0,flat,0.545,0.29622009074501665,1,0.24182558988228126,1,0.29622009074501665,0.24182558988228126
1,2.0,v,0.625,0.24881940197268446,1,0.2076702949052414,1,0.24881940197268446,0.2076702949052414
2,5.0,flat,0.24500000000000002,0.3116843537740154,1,0.3255845438433842,1,0.3116843537740154,0.3255845438433842
3,5.0,v,0.375,0.3825410157430075,1,0.3092678247050571,2,0.3825410157430075,0.17495888176490576
4,10.0,flat,0.605,0.21241873719379728,1,0.108329907777594,1,0.21241873719379728,0.108329907777594
5,10.0,v,0.585,0.26961607226132994,1,0.1120336590583928,1,0.26961607226132994,0.1120336590583928
6,2.0,flat,0.525,0.29262881369586635,1,0.2113798387532752,1,0.29262881369586635,0.2113798387532752
7,2.0,v,0.375,0.3115229916817637,1,0.3271440749711117,2,0.3115229916817637,0.21445915060328866
8,5.0,flat,0.345,0.11498721283031355,1,0.25583307217927204,1,0.11498721283031355,0.25583307217927204
9,5.0,v,0.375,0.16921079341973275,1,0.3075199586049598,2,0.16921079341973275,0.2421246953201561
10,10.0,flat,0.395,0.3746025197921223,1,0.3917407849088684,2,0.3746025197921223,0.22191367629236355
11,10.0,v,0.38499999999999995,0.1516448354914221,1,0.4509331331667538,3,0.1516448354914221,0.17830113722373658
12,2.0,flat,0.635,0.3069346524143823,1,0.2652290361531418,1,0.3069346524143823,0.2652290361531418
13,2.0,v,0.5349999999999999,0.26280588788637604,1,0.2261808780394476,3,0.26280588788637604,0.13874119514995042
14,5.0,flat,0.475,0.33464991876807354,1,0.23521577966026425,1,0.33464991876807354,0.23521577966026425
15,5.0,v,0.485,0.4187164360793277,1,0.312293257082899,1,0.4187164360793277,0.312293257082899
16,10.0,flat,0.505,0.2414896067577393,1,0.24697115928280985,3,0.2414896067577393,0.16946770528440155
17,10.0,v,0.515,0.13759256724287616,1,0.3843868975692719,3,0.13759256724287616,0.017319762642891482
18,2.0,flat,0.605,0.2826990944221948,1,0.228053621957804,1,0.2826990944221948,0.228053621957804
19,2.0,v,0.385,0.2923898271234494,1,0.276967605320208,2,0.2923898271234494,0.16500640807642514
20,5.0,flat,0.725,0.2850049719881136,1,0.24997122029358665,1,0.2850049719881136,0.24997122029358665
21,5.0,v,0.535,0.2284500613680821,1,0.1941554477024396,3,0.2284500613680821,0.06726111045036381
22,10.0,flat,0.5349999999999999,0.22256412134830247,1,0.09710515732063807,1,0.22256412134830247,0.09710515732063807
23,10.0,v,0.43499999999999994,0.21916423844775626,1,0.2388337569060783,2,0.21916423844775626,0.034548504280602146
24,2.0,flat,0.185,0.2922364246338514,1,0.3008497359383765,1,0.2922364246338514,0.3008497359383765
25,2.0,v,0.45499999999999996,0.27038837124655274,1,0.2876810814415909,3,0.27038837124655274,0.1566481312869623
26,5.0,flat,0.305,0.25182544085565706,1,0.3173834473720822,1,0.25182544085565706,0.3173834473720822
27,5.0,v,0.45499999999999996,0.17889598002507245,1,0.2949437597399869,3,0.17889598002507245,0.07742337079953569
28,10.0,flat,0.255,0.05859273109501571,1,0.5860751291811492,1,0.05859273109501571,0.5860751291811492
29,10.0,v,0.7050000000000001,0.3115968600431209,1,0.2627507502870445,1,0.3115968600431209,0.2627507502870445
30,2.0,flat,0.45499999999999996,0.2833659478526364,1,0.2169164865084059,2,0.2833659478526364,0.20117810040270906
31,2.0,v,0.445,0.3206758086587975,1,0.2754485235520142,2,0.3206758086587975,0.1802545474033816
32,5.0,flat,0.545,0.327228240190995,1,0.2614420855608274,1,0.327228240190995,0.2614420855608274
33,5.0,v,0.41500000000000004,0.3812485195136957,1,0.34915664647653577,2,0.3812485195136957,0.16515396460647147
34,10.0,flat,0.515,0.3708153885435527,1,0.2615806048759911,1,0.3708153885435527,0.2615806048759911
35,10.0,v,0.29500000000000004,0.008197699604918703,1,0.5352656218606617,1,0.008197699604918703,0.5352656218606617
36,2.0,flat,0.34500000000000003,0.30534321546762083,1,0.2456248780669315,1,0.30534321546762083,0.2456248780669315
37,2.0,v,0.5650000000000001,0.2750176081617456,1,0.2484059436557485,3,0.2750176081617456,0.19406465776917187
38,5.0,flat,0.43499999999999994,0.2281413066942072,1,0.19148939525963068,2,0.2281413066942072,0.14412435181208794
39,5.0,v,0.445,0.2543224765282511,1,0.2198765990602423,2,0.2543224765282511,0.0667883914847865
40,10.0,flat,0.5650000000000001,0.1970531124392381,1,0.09863866744056006,1,0.1970531124392381,0.09863866744056006
41,10.0,v,0.585,0.30957957039132045,1,0.29131740864231764,3,0.30957957039132045,0.16483971389976446
42,2.0,flat,0.305,0.19229426972536906,1,0.25469655172289923,1,0.19229426972536906,0.25469655172289923
43,2.0,v,0.34500000000000003,0.22998929523005895,1,0.2580928616024208,1,0.22998929523005895,0.2580928616024208
44,5.0,flat,0.385,0.3466210750618584,1,0.24130752078560397,1,0.3466210750618584,0.24130752078560397
45,5.0,v,0.5650000000000001,0.2084669915323432,1,0.16557142844227102,3,0.2084669915323432,0.060020277904457374
46,10.0,flat,0.375,0.10939543980225147,1,0.3500923848719111,2,0.10939543980225147,0.2938879764102148
47,10.0,v,0.43499999999999994,0.36901033404584016,1,0.5986137506772912,2,0.36901033404584016,0.07866325288919493
48,2.0,flat,0.625,0.2885513969964008,1,0.2447514061132786,1,0.2885513969964008,0.2447514061132786
49,2.0,v,0.505,0.3047539820856613,1,0.24810376323911354,3,0.3047539820856613,0.1838996182524751
50,5.0,flat,0.615,0.2699180604722161,1,0.20917179362693775,1,0.2699180604722161,0.20917179362693775
51,5.0,v,0.465,0.27686787978465266,1,0.3289118513971191,3,0.27686787978465266,0.09010711986491746
52,10.0,flat,0.39499999999999996,0.14270052693782864,1,0.11700580764770045,2,0.14270052693782864,0.11534573798412626
53,10.0,v,0.485,0.11461868499402755,1,0.3920108155616271,3,0.11461868499402755,0.05906948462924577
54,2.0,flat,0.5650000000000001,0.3044629723461153,1,0.2700927708124813,1,0.3044629723461153,0.2700927708124813
55,2.0,v,0.535,0.3507968055455699,1,0.2605430495054336,1,0.3507968055455699,0.2605430495054336
56,5.0,flat,0.705,0.3134556392273815,1,0.3297156203373198,1,0.3134556392273815,0.3297156203373198
57,5.0,v,0.585,0.2723787677819306,1,0.1585938743601305,3,0.2723787677819306,0.15641097534715215
58,10.0,flat,0.425,0.018426932559012264,1,0.02403453870837684,1,0.018426932559012264,0.02403453870837684
59,10.0,v,0.465,0.1976835581604273,1,0.4682036068323552,3,0.1976835581604273,0.02241322411317115
60,2.0,flat,0.575,0.31034978637130833,1,0.2653388275676738,1,0.31034978637130833,0.2653388275676738
61,2.0,v,0.715,0.2699399689753725,1,0.23566057238582186,1,0.2699399689753725,0.23566057238582186
62,5.0,flat,0.34500000000000003,0.3101598194804153,1,0.2807628480221097,1,0.3101598194804153,0.2807628480221097
63,5.0,v,0.20500000000000002,0.29623628471916913,1,0.436013780640762,1,0.29623628471916913,0.436013780640762
64,10.0,flat,0.535,0.2627909862307729,1,0.19837754550186631,3,0.2627909862307729,0.15834103030004548
65,10.0,v,0.665,0.3910523766480537,1,0.30233512056103795,1,0.3910523766480537,0.30233512056103795
66,2.0,flat,0.45499999999999996,0.3058288814436373,1,0.21366596566965768,2,0.3058288814436373,0.2130890413091239
67,2.0,v,0.525,0.2516162986906037,1,0.2892613701340456,3,0.2516162986906037,0.15818475676576751
68,5.0,flat,0.5650000000000001,0.2310373734311624,1,0.16229469589539186,3,0.2310373734311624,0.1328478042456089
69,5.0,v,0.49499999999999994,0.3262479899598237,1,0.2691506485807565,1,0.3262479899598237,0.2691506485807565
70,10.0,flat,0.395,0.28172754289769725,1,0.2322148287434542,2,0.28172754289769725,0.2289201820897617
71,10.0,v,0.41500000000000004,0.14219137943640556,1,0.4334219767682425,2,0.14219137943640556,0.02074820389916092
72,2.0,flat,0.475,0.2321324470891987,1,0.19863663610050225,2,0.2321324470891987,0.19250350790283535
73,2.0,v,0.43499999999999994,0.31075154622707,1,0.2615708294760369,2,0.31075154622707,0.16240451500695502
74,5.0,flat,0.525,0.3169636368139975,1,0.22557646040856655,1,0.3169636368139975,0.22557646040856655
75,5.0,v,0.485,0.2743721920141781,1,0.1846656267025668,2,0.2743721920141781,0.08920455980376928
76,10.0,flat,0.5050000000000001,0.15268766457455538,1,0.060072436278420925,1,0.15268766457455538,0.060072436278420925
77,10.0,v,0.5050000000000001,0.06238949657066205,1,0.26644357906676025,3,0.06238949657066205,0.01950595436703901
78,2.0,flat,0.495,0.2795450984213977,1,0.18854186691431807,2,0.2795450984213977,0.18803278070743215
79,2.0,v,0.465,0.2231717000066294,1,0.18260559803839926,2,0.2231717000066294,0.15615439289106178
80,5.0,flat,0.40499999999999997,0.2582781202039807,1,0.2849526931252199,2,0.2582781202039807,0.26346383303646503
81,5.0,v,0.41500000000000004,0.302668869524123,1,0.3898763334122178,2,0.302668869524123,0.08530248095552559
82,10.0,flat,0.475,0.3836456009446928,1,0.2147356125726189,1,0.3836456009446928,0.2147356125726189
83,10.0,v,0.40499999999999997,0.3344867187589424,1,0.5499232568159503,3,0.3344867187589424,0.06311805757824049
84,2.0,flat,0.34500000000000003,0.2583592348521975,1,0.2405818806069069,2,0.2583592348521975,0.23992122934867985
85,2.0,v,0.515,0.2937669178466603,1,0.25665436033224626,3,0.2937669178466603,0.20813927698406734
86,5.0,flat,0.5449999999999999,0.2228082632478869,1,0.18123041287513814,4,0.2228082632478869,0.13640293630282754
87,5.0,v,0.485,0.3170986083532629,1,0.5120316648239751,3,0.3170986083532629,0.13311374063257708
88,10.0,flat,0.385,0.3793533175638661,1,0.3773752808953321,2,0.3793533175638661,0.2511819266395148
89,10.0,v,0.515,0.3713707682275991,1,0.4035227430421406,3,0.3713707682275991,0.1415451491837506
90,2.0,flat,0.705,0.2778527691547707,1,0.2652906816888695,1,0.2778527691547707,0.2652906816888695
91,2.0,v,0.5349999999999999,0.3072563421335696,1,0.2621299077023772,3,0.3072563421335696,0.23825991476202546
92,5.0,flat,0.44499999999999995,0.3883994321525339,1,0.2734559323221851,1,0.3883994321525339,0.2734559323221851
93,5.0,v,0.34500000000000003,0.13597520740616956,1,0.372272328920037,1,0.13597520740616956,0.372272328920037
94,10.0,flat,0.6950000000000001,0.2428967521725784,1,0.1849992928846475,1,0.2428967521725784,0.1849992928846475
95,10.0,v,0.385,0.06347344314570519,1,0.3652593020271805,2,0.06347344314570519,0.264313964165163
96,2.0,flat,0.575,0.2686544037653263,1,0.2340690716625719,1,0.2686544037653263,0.2340690716625719
97,2.0,v,0.465,0.2800114002732735,1,0.2490222002334128,2,0.2800114002732735,0.13617966393142772
98,5.0,flat,0.5549999999999999,0.36740285910215775,1,0.27826848957386563,1,0.36740285910215775,0.27826848957386563
99,5.0,v,0.225,0.35327076460360873,1,0.40384851338685374,1,0.35327076460360873,0.40384851338685374
100,10.0,flat,0.5750000000000001,0.2779310951381093,1,0.1983168398452964,1,0.2779310951381093,0.1983168398452964
101,10.0,v,0.645,0.14216228889968408,1,0.02543831742312796,1,0.14216228889968408,0.02543831742312796
102,2.0,flat,0.365,0.2985500823856058,1,0.25095174643841744,2,0.2985500823856058,0.23249676605488734
103,2.0,v,0.485,0.2418565834645169,1,0.20422943474239946,3,0.2418565834645169,0.14261459193828674
104,5.0,flat,0.40499999999999997,0.3656176472869882,1,0.2369459163732857,1,0.3656176472869882,0.2369459163732857
105,5.0,v,0.575,0.3822840774451993,1,0.2781420521415671,1,0.3822840774451993,0.2781420521415671
106,10.0,flat,0.575,0.21231943454377628,1,0.09874096305099184,1,0.21231943454377628,0.09874096305099184
107,10.0,v,0.6050000000000001,0.34137009288726045,1,0.25017554633226474,3,0.34137009288726045,0.1552089976872023
108,2.0,flat,0.465,0.2913522505614051,1,0.2190237660825433,2,0.2913522505614051,0.2031324862060489
109,2.0,v,0.655,0.2747345959402468,1,0.2663324754510342,1,0.2747345959402468,0.2663324754510342
110,5.0,flat,0.43499999999999994,0.07596016530282232,1,0.14503411855884066,2,0.07596016530282232,0.1433177164703036
111,5.0,v,0.5650000000000001,0.2651133089867405,1,0.21313842099687666,3,0.2651133089867405,0.09780978963897112
112,10.0,flat,0.605,0.2845933810680895,1,0.1569088047100276,1,0.2845933810680895,0.1569088047100276
113,10.0,v,0.595,0.212756548180564,1,0.17742520039952875,3,0.212756548180564,0.03736426693377927
114,2.0,flat,0.515,0.2573776574209724,1,0.19891001851355908,3,0.2573776574209724,0.18360169213082844
115,2.0,v,0.33499999999999996,0.25104260756506386,1,0.25690454528431955,1,0.25104260756506386,0.25690454528431955
116,5.0,flat,0.38499999999999995,0.05060846048618842,1,0.1300031656723959,1,0.05060846048618842,0.1300031656723959
117,5.0,v,0.425,0.33329991216461274,1,0.4103923707403012,2,0.33329991216461274,0.08711359945040058
118,10.0,flat,0.475,0.06664946407009717,1,0.0369227350251542,2,0.06664946407009717,0.036006037678603886
119,10.0,v,0.485,0.04856812765408225,1,0.07764305785662409,2,0.04856812765408225,0.004834562377497716
120,2.0,flat,0.585,0.23254269042392234,1,0.195472346734513,4,0.23254269042392234,0.1812898412209213
121,2.0,v,0.825,0.23134360865785503,1,0.2495942829629783,1,0.23134360865785503,0.2495942829629783
122,5.0,flat,0.425,0.08920933855552449,1,0.17317057983093134,2,0.08920933855552449,0.17112119760384945
123,5.0,v,0.465,0.3947177032102277,1,0.2459229130824456,1,0.3947177032102277,0.2459229130824456
124,10.0,flat,0.5449999999999999,0.029735841790184587,1,0.029049806905620337,3,0.029735841790184587,0.020102399825753
125,10.0,v,0.625,0.3843967596389012,1,0.26626458705904016,1,0.3843967596389012,0.26626458705904016
126,2.0,flat,0.525,0.21269508986873992,1,0.18834124142491085,3,0.21269508986873992,0.16895311016633982
127,2.0,v,0.5449999999999999,0.2832313661578973,1,0.21213279664509704,3,0.2832313661578973,0.2016447903079229
128,5.0,flat,0.465,0.2644989765707657,1,0.2452925037350417,3,0.2644989765707657,0.18683025894532268
129,5.0,v,0.28500000000000003,0.3775433389550889,1,0.3493437884784145,1,0.3775433389550889,0.3493437884784145
130,10.0,flat,0.34500000000000003,0.04246785807403836,1,0.3234920908535641,2,0.04246785807403836,0.3158806818253807
131,10.0,v,0.48500000000000004,0.28244949881384995,1,0.4286698940157129,3,0.28244949881384995,0.0222735869837714
132,2.0,flat,0.475,0.2592108132257613,1,0.23455940556980814,3,0.2592108132257613,0.21681537563018824
133,2.0,v,0.36500000000000005,0.1938753200469972,1,0.2444681131647557,2,0.1938753200469972,0.2319451142993069
134,5.0,flat,0.645,0.25379699021213914,1,0.2019690399644841,1,0.25379699021213914,0.2019690399644841
135,5.0,v,0.475,0.10922550510901227,1,0.16585944945721826,2,0.10922550510901227,0.07568562018423539
136,10.0,flat,0.41500000000000004,0.3692401900330531,1,0.3292125842035811,2,0.3692401900330531,0.26277096855220994
137,10.0,v,0.425,0.10666259240959254,1,0.06439125257930815,2,0.10666259240959254,0.011605199612687132
138,2.0,flat,0.425,0.2256294713003444,1,0.18619887210431008,1,0.2256294713003444,0.18619887210431008
139,2.0,v,0.305,0.22844320800503196,1,0.2824275377776009,1,0.22844320800503196,0.2824275377776009
140,5.0,flat,0.6050000000000001,0.3028637952106987,1,0.2577882540671633,1,0.3028637952106987,0.2577882540671633
141,5.0,v,0.305,0.3468943921224803,1,0.4217365633294319,2,0.3468943921224803,0.26519311079505964
142,10.0,flat,0.605,0.21241873719379728,1,0.108329907777594,1,0.21241873719379728,0.108329907777594
143,10.0,v,0.545,0.3971250139459314,1,0.2324614149255308,1,0.3971250139459314,0.2324614149255308
144,2.0,flat,0.6050000000000001,0.2424291549972656,1,0.1941712920508848,1,0.2424291549972656,0.1941712920508848
145,2.0,v,0.655,0.2788595646168438,1,0.22972673446941866,1,0.2788595646168438,0.22972673446941866
146,5.0,flat,0.505,0.33981958567762305,1,0.20881010538844025,1,0.33981958567762305,0.20881010538844025
147,5.0,v,0.6950000000000001,0.28566403790648504,1,0.19437845547370752,1,0.28566403790648504,0.19437845547370752
148,10.0,flat,0.5349999999999999,0.21361029114962987,1,0.0987086923838346,1,0.21361029114962987,0.0987086923838346
149,10.0,v,0.325,0.3875876281272829,1,0.2946010493531783,1,0.3875876281272829,0.2946010493531783
150,2.0,flat,0.6049999999999999,0.2721446154238719,1,0.2393257499633093,1,0.2721446154238719,0.2393257499633093
151,2.0,v,0.6449999999999999,0.22433534040093792,1,0.2474195011405973,4,0.22433534040093792,0.15176913976637788
152,5.0,flat,0.635,0.3091465830482839,1,0.2532911189721666,1,0.3091465830482839,0.2532911189721666
153,5.0,v,0.41500000000000004,0.14516298360461788,1,0.1834031885275828,2,0.14516298360461788,0.06213447754873477
154,10.0,flat,0.505,0.3716717455659013,1,0.28359475042936266,1,0.3716717455659013,0.28359475042936266
155,10.0,v,0.24500000000000002,0.12727610315137125,1,0.485473494484845,1,0.12727610315137125,0.485473494484845
156,2.0,flat,0.40499999999999997,0.22604275489500944,1,0.202069442811896,2,0.22604275489500944,0.1931737194229369
157,2.0,v,0.505,0.2615114634282014,1,0.2960093290107097,3,0.2615114634282014,0.197256099401082
158,5.0,flat,0.33499999999999996,0.3133489065221171,1,0.2815501722457221,2,0.3133489065221171,0.25796178565031125
159,5.0,v,0.315,0.2420885834483453,1,0.3679643520505768,2,0.2420885834483453,0.3226363290788617
160,10.0,flat,0.5549999999999999,0.2462512778440499,1,0.1710337002546464,3,0.2462512778440499,0.16864538805416004
161,10.0,v,0.695,0.2982016074024131,1,0.21995873410227545,1,0.2982016074024131,0.21995873410227545
162,2.0,flat,0.575,0.2441295721041261,1,0.2165601617215037,1,0.2441295721041261,0.2165601617215037
163,2.0,v,0.465,0.26364855513797275,1,0.3311196865499968,3,0.26364855513797275,0.17813106905794374
164,5.0,flat,0.355,0.3083487791963968,1,0.26996482299770685,2,0.3083487791963968,0.2473470616188436
165,5.0,v,0.43499999999999994,0.2676888813094949,1,0.38302486995359103,3,0.2676888813094949,0.1036353566541737
166,10.0,flat,0.385,0.3446668601808429,1,0.3377852282243123,2,0.3446668601808429,0.2295345070091512
167,10.0,v,0.705,0.2966223299528642,1,0.15556912332730533,1,0.2966223299528642,0.15556912332730533
168,2.0,flat,0.6050000000000001,0.25565896673201605,1,0.1966532267153672,1,0.25565896673201605,0.1966532267153672
169,2.0,v,0.40499999999999997,0.2414830765078389,1,0.26697810317199433,2,0.2414830765078389,0.19506749411676308
170,5.0,flat,0.555,0.4093090786293051,1,0.3068569705166689,1,0.4093090786293051,0.3068569705166689
171,5.0,v,0.445,0.3736903233053345,1,0.32939285592095363,2,0.3736903233053345,0.1511592597689392
172,10.0,flat,0.5650000000000001,0.3165938924934337,1,0.28425125431081955,1,0.3165938924934337,0.28425125431081955
173,10.0,v,0.385,0.04383397932069854,1,0.06539346754665733,2,0.04383397932069854,0.016605611560130885
174,2.0,flat,0.325,0.27337501041000706,1,0.25069801574109984,2,0.27337501041000706,0.24207543861541134
175,2.0,v,0.465,0.3237131791681474,1,0.2476434241343937,2,0.3237131791681474,0.19346894702338105
176,5.0,flat,0.43499999999999994,0.3444073602953356,1,0.2681775384129311,2,0.3444073602953356,0.22214817734787554
177,5.0,v,0.675,0.3024929776125006,1,0.1963607305942548,1,0.3024929776125006,0.1963607305942548
178,10.0,flat,0.655,0.3197994558928703,1,0.2339762154888568,1,0.3197994558928703,0.2339762154888568
179,10.0,v,0.29500000000000004,0.010324903344103973,1,0.5952301488164939,1,0.010324903344103973,0.5952301488164939
180,2.0,flat,0.565,0.200127927580011,1,0.19647489917964556,4,0.200127927580011,0.17709078245250293
181,2.0,v,0.545,0.24323074116246626,1,0.2147178763832988,3,0.24323074116246626,0.17144679418041173
182,5.0,flat,0.43499999999999994,0.31615009670863226,1,0.2679280938846764,2,0.31615009670863226,0.22009557780908376
183,5.0,v,0.525,0.2995165683027766,1,0.35173337578396713,3,0.2995165683027766,0.07778557392426175
184,10.0,flat,0.605,0.3354353879277895,1,0.19884781759661044,1,0.3354353879277895,0.19884781759661044
185,10.0,v,0.335,0.02659878266383956,1,0.03804071076317375,1,0.02659878266383956,0.03804071076317375
186,2.0,flat,0.525,0.3262173357767097,1,0.2803808373887433,1,0.3262173357767097,0.2803808373887433
187,2.0,v,0.35500000000000004,0.3028565761906107,1,0.33025855342038396,2,0.3028565761906107,0.19577916112693708
188,5.0,flat,0.45499999999999996,0.2666701278427319,1,0.2769584495820717,3,0.2666701278427319,0.2110894483003848
189,5.0,v,0.485,0.27399332537311305,1,0.2708006382677981,3,0.27399332537311305,0.1149641822205944
190,10.0,flat,0.5349999999999999,0.37115575517380495,1,0.2609280072241689,1,0.37115575517380495,0.2609280072241689
191,10.0,v,0.4050000000000001,0.3946997100007285,1,0.24779123990656496,2,0.3946997100007285,0.192301154508425
192,2.0,flat,0.615,0.24356422123938834,1,0.21602559833493545,1,0.24356422123938834,0.21602559833493545
193,2.0,v,0.715,0.21981983303104236,1,0.2056474742322517,1,0.21981983303104236,0.2056474742322517
194,5.0,flat,0.705,0.2585667528420816,1,0.1941438207467777,1,0.2585667528420816,0.1941438207467777
195,5.0,v,0.795,0.2658396692686492,1,0.2502630919208051,1,0.2658396692686492,0.2502630919208051
196,10.0,flat,0.525,0.3031401074586629,1,0.18450300248110788,1,0.3031401074586629,0.18450300248110788
197,10.0,v,0.375,0.19335878966510264,1,0.7896194645183197,2,0.19335878966510264,0.057806914680278015
198,2.0,flat,0.385,0.35136755100600875,1,0.2570088873167214,1,0.35136755100600875,0.2570088873167214
199,2.0,v,0.38499999999999995,0.2279809714836801,1,0.260439402965556,2,0.2279809714836801,0.21632917015046169
200,5.0,flat,0.695,0.3109469642940499,1,0.2951482803188631,1,0.3109469642940499,0.2951482803188631
201,5.0,v,0.41500000000000004,0.2240243542507227,1,0.2955003128157961,2,0.2240243542507227,0.10011144135335373
202,10.0,flat,0.465,0.12511580654632068,1,0.1837341927669222,2,0.12511580654632068,0.1570675486167658
203,10.0,v,0.325,0.008510883204891889,1,0.15731610871278487,1,0.008510883204891889,0.15731610871278487
204,2.0,flat,0.38499999999999995,0.18942226370515824,1,0.20357609774566027,1,0.18942226370515824,0.20357609774566027
205,2.0,v,0.375,0.2338335334912985,1,0.2440137631412275,2,0.2338335334912985,0.22175868339168572
206,5.0,flat,0.205,0.2579978174874054,1,0.31256099074496424,1,0.2579978174874054,0.31256099074496424
207,5.0,v,0.6849999999999999,0.30244097579979223,1,0.2314205136101697,1,0.30244097579979223,0.2314205136101697
208,10.0,flat,0.725,0.3373888640059112,1,0.2947228616997631,1,0.3373888640059112,0.2947228616997631
209,10.0,v,0.34500000000000003,0.06454702168100744,1,0.5354560275453499,2,0.06454702168100744,0.3874740615534288
210,2.0,flat,0.5549999999999999,0.2793723663629269,1,0.22252458313639706,1,0.2793723663629269,0.22252458313639706
211,2.0,v,0.485,0.3078661698236983,1,0.21142435409742416,2,0.3078661698236983,0.18866619697872686
212,5.0,flat,0.615,0.2698621972473641,1,0.1824444662553049,1,0.2698621972473641,0.1824444662553049
213,5.0,v,0.44499999999999995,0.3618080235392782,1,0.3770696867200755,2,0.3618080235392782,0.11112083192876464
214,10.0,flat,0.46499999999999997,0.3850029349816423,1,0.2388196679283293,1,0.3850029349816423,0.2388196679283293
215,10.0,v,0.45500000000000007,0.159835871843904,1,0.5224020779252985,3,0.159835871843904,0.10878053858705884
216,2.0,flat,0.445,0.3283266788573273,1,0.23972027460449216,1,0.3283266788573273,0.23972027460449216
217,2.0,v,0.6250000000000001,0.21000750419879696,1,0.2313404485206813,4,0.21000750419879696,0.12805159990343287
218,5.0,flat,0.525,0.2654827263752604,1,0.14505983826902585,3,0.2654827263752604,0.14408262187625887
219,5.0,v,0.41500000000000004,0.13116947950217905,1,0.2573533766766417,2,0.13116947950217905,0.09989929815622696
220,10.0,flat,0.505,0.2126567301385592,1,0.10766901064901126,1,0.2126567301385592,0.10766901064901126
221,10.0,v,0.45500000000000007,0.014936285349294988,1,0.16113903902110305,3,0.014936285349294988,0.06371515374537359
222,2.0,flat,0.45500000000000007,0.21098293117906303,1,0.1971390499157713,2,0.21098293117906303,0.18897932547342072
223,2.0,v,0.745,0.2593957458046405,1,0.2490485378774545,1,0.2593957458046405,0.2490485378774545
224,5.0,flat,0.5549999999999999,0.33602581056251946,1,0.20339418633472367,1,0.33602581056251946,0.20339418633472367
225,5.0,v,0.835,0.2659144880244702,1,0.31339048088890026,1,0.2659144880244702,0.31339048088890026
226,10.0,flat,0.505,0.09639545875953144,1,0.09161867468343307,3,0.09639545875953144,0.060981618002495686
227,10.0,v,0.375,0.04238459148028735,1,0.4748717153039021,2,0.04238459148028735,0.3436332075467442
228,2.0,flat,0.685,0.243195808191802,1,0.21382635943989564,1,0.243195808191802,0.21382635943989564
229,2.0,v,0.28500000000000003,0.2368857271785341,1,0.3192669042034262,1,0.2368857271785341,0.3192669042034262
230,5.0,flat,0.6050000000000001,0.2894944006077171,1,0.1666764269875693,1,0.2894944006077171,0.1666764269875693
231,5.0,v,0.385,0.20556304935102554,1,0.3363710497399076,2,0.20556304935102554,0.2412304198438034
232,10.0,flat,0.4050000000000001,0.10667047262669788,1,0.043562794422423896,1,0.10667047262669788,0.043562794422423896
233,10.0,v,0.475,0.08939881630852582,1,0.4880371676425722,3,0.08939881630852582,0.03362936173009005
234,2.0,flat,0.43499999999999994,0.3546899769413249,1,0.2664362212762453,1,0.3546899769413249,0.2664362212762453
235,2.0,v,0.275,0.17017720531035552,1,0.29885056138699395,1,0.17017720531035552,0.29885056138699395
236,5.0,flat,0.445,0.34892166639459865,1,0.2330520436627543,1,0.34892166639459865,0.2330520436627543
237,5.0,v,0.635,0.2969032123955167,1,0.20427786448385354,1,0.2969032123955167,0.20427786448385354
238,10.0,flat,0.5549999999999999,0.10177379086924476,1,0.05871421438822829,3,0.10177379086924476,0.04028876573622664
239,10.0,v,0.305,0.012597081157258464,1,0.5678139329029016,1,0.012597081157258464,0.5678139329029016
240,2.0,flat,0.665,0.25229698017258634,1,0.23063708761456836,1,0.25229698017258634,0.23063708761456836
241,2.0,v,0.465,0.2567980897109112,1,0.31896989457856106,3,0.2567980897109112,0.1736855189508726
242,5.0,flat,0.29500000000000004,0.2331481288133285,1,0.31826054332555664,1,0.2331481288133285,0.31826054332555664
243,5.0,v,0.675,0.3150790369777829,1,0.23669232751609826,1,0.3150790369777829,0.23669232751609826
244,10.0,flat,0.525,0.3855142603968846,1,0.2415280339039217,1,0.3855142603968846,0.2415280339039217
245,10.0,v,0.645,0.2684671786540831,1,0.3478867941548565,4,0.2684671786540831,0.07326205640612768
246,2.0,flat,0.7549999999999999,0.22329535355870725,1,0.2221103033279444,1,0.22329535355870725,0.2221103033279444
247,2.0,v,0.43499999999999994,0.2623128210655397,1,0.2570113931096256,2,0.2623128210655397,0.15052392040468762
248,5.0,flat,0.585,0.2660500502253206,1,0.1977992169495431,1,0.2660500502253206,0.1977992169495431
249,5.0,v,0.635,0.21263319050375584,1,0.2946942307696455,4,0.21263319050375584,0.1068277890336706
250,10.0,flat,0.525,0.3905795834092585,1,0.32030700648955523,1,0.3905795834092585,0.32030700648955523
251,10.0,v,0.425,0.21689221793536215,1,0.5580285237986278,3,0.21689221793536215,0.11619908482530265
252,2.0,flat,0.45499999999999996,0.22122481545755468,1,0.22030047848354484,3,0.22122481545755468,0.20391863088490725
253,2.0,v,0.43499999999999994,0.34157094856983405,1,0.24075027647059585,2,0.34157094856983405,0.19524152410049012
254,5.0,flat,0.28500000000000003,0.2616130364866561,1,0.3571082229922161,1,0.2616130364866561,0.3571082229922161
255,5.0,v,0.7350000000000001,0.3238462493939275,1,0.3023306276007337,1,0.3238462493939275,0.3023306276007337
256,10.0,flat,0.525,0.3150313891575931,1,0.20025227399873347,1,0.3150313891575931,0.20025227399873347
257,10.0,v,0.5050000000000001,0.2229595232655851,1,0.17741898615914808,3,0.2229595232655851,0.03969515236085637
258,2.0,flat,0.6049999999999999,0.2764703620804602,1,0.2304745084091397,1,0.2764703620804602,0.2304745084091397
259,2.0,v,0.48500000000000004,0.37810191373218827,1,0.2787887537138756,1,0.37810191373218827,0.2787887537138756
260,5.0,flat,0.45499999999999996,0.37876256923908896,1,0.2400331321398637,1,0.37876256923908896,0.2400331321398637
261,5.0,v,0.645,0.1640400432910649,1,0.22166039620553635,4,0.1640400432910649,0.049020031427773385
262,10.0,flat,0.41500000000000004,0.032376341183906164,1,0.15923083613045164,2,0.032376341183906164,0.13688848913386986
263,10.0,v,0.5149999999999999,0.33816968815188075,1,0.7197535310817373,3,0.33816968815188075,0.06640912387322997
264,2.0,flat,0.365,0.2265403829369346,1,0.2276777800256523,2,0.2265403829369346,0.2270525641471129
265,2.0,v,0.565,0.2406610869671409,1,0.2639890885017533,4,0.2406610869671409,0.1461232800224143
266,5.0,flat,0.495,0.1858018489780412,1,0.1525544637756321,3,0.1858018489780412,0.11482000440751736
267,5.0,v,0.43499999999999994,0.2827930763273231,1,0.2663148249089695,2,0.2827930763273231,0.09225922354867007
268,10.0,flat,0.40499999999999997,0.022185039607288317,1,0.10843007391760756,2,0.022185039607288317,0.09102253114507096
269,10.0,v,0.5549999999999999,0.4042082310316661,1,0.2889958588329439,1,0.4042082310316661,0.2889958588329439
270,2.0,flat,0.625,0.24031384227336744,1,0.2212384624837732,1,0.24031384227336744,0.2212384624837732
271,2.0,v,0.355,0.3146107672684318,1,0.2220378548616472,2,0.3146107672684318,0.19342823182936386
272,5.0,flat,0.615,0.3503458284904224,1,0.2628051764921092,1,0.3503458284904224,0.2628051764921092
273,5.0,v,0.365,0.3676659662790608,1,0.4930881715763031,2,0.3676659662790608,0.12943670474151556
274,10.0,flat,0.6050000000000001,0.1936449550309963,1,0.09822506815588858,1,0.1936449550309963,0.09822506815588858
275,10.0,v,0.495,0.1859607965609153,1,0.467755535777853,3,0.1859607965609153,0.0381044509358583
276,2.0,flat,0.5349999999999999,0.33165311651447793,1,0.2676560408495196,1,0.33165311651447793,0.2676560408495196
277,2.0,v,0.675,0.24412671264316785,1,0.21438384018742532,1,0.24412671264316785,0.21438384018742532
278,5.0,flat,0.645,0.30914293178134145,1,0.24564978023151784,1,0.30914293178134145,0.24564978023151784
279,5.0,v,0.665,0.3041558869199798,1,0.20260313428915244,1,0.3041558869199798,0.20260313428915244
280,10.0,flat,0.635,0.09892289261513984,1,0.04924077113043231,4,0.09892289261513984,0.03930300888559
281,10.0,v,0.5549999999999999,0.10177379086924476,1,0.15359144681289053,3,0.10177379086924476,0.01038052140670636
282,2.0,flat,0.45500000000000007,0.3144398415925392,1,0.21236654662951165,1,0.3144398415925392,0.21236654662951165
283,2.0,v,0.525,0.3093163907369605,1,0.25222534363585475,1,0.3093163907369605,0.25222534363585475
284,5.0,flat,0.36499999999999994,0.2944294632655388,1,0.2718652396383571,2,0.2944294632655388,0.2520713922025
285,5.0,v,0.505,0.2572197967159968,1,0.345953641108563,3,0.2572197967159968,0.07569247310776403
286,10.0,flat,0.44499999999999995,0.14156454645464922,1,0.17711751248016555,2,0.14156454645464922,0.10033368963452627
287,10.0,v,0.675,0.2187154069167656,1,0.07494428907247999,4,0.2187154069167656,0.06047773808911025
288,2.0,flat,0.715,0.23523979407140155,1,0.21118483784009973,1,0.23523979407140155,0.21118483784009973
289,2.0,v,0.505,0.3047539820856613,1,0.24810376323911354,3,0.3047539820856613,0.1838996182524751
290,5.0,flat,0.475,0.18345286221471552,1,0.20454638128547686,3,0.18345286221471552,0.1686147123891307
291,5.0,v,0.795,0.2658396692686492,1,0.2502630919208051,1,0.2658396692686492,0.2502630919208051
292,10.0,flat,0.465,0.0219843253650759,1,0.09727239727750728,2,0.0219843253650759,0.08362369890991891
293,10.0,v,0.385,0.05738164062884477,1,0.37253185278836104,2,0.05738164062884477,0.09350059111282057
294,2.0,flat,0.445,0.22970737705841454,1,0.2184188571649268,3,0.22970737705841454,0.2021769295242127
295,2.0,v,0.525,0.29354562495256564,1,0.2062500355825019,3,0.29354562495256564,0.16726282471300186
296,5.0,flat,0.425,0.3288242179340973,1,0.19939272445409315,1,0.3288242179340973,0.19939272445409315
297,5.0,v,0.375,0.13120580977324794,1,0.29282843257551144,1,0.13120580977324794,0.29282843257551144
298,10.0,flat,0.5549999999999999,0.2114483799277629,1,0.0970156002250993,3,0.2114483799277629,0.0957128840288777
299,10.0,v,0.5050000000000001,0.31468293990346896,1,0.231266967794192,1,0.31468293990346896,0.231266967794192
300,2.0,flat,0.5449999999999999,0.3152173117874886,1,0.28726181982504945,1,0.3152173117874886,0.28726181982504945
301,2.0,v,0.465,0.3853401400547415,1,0.29329594576931195,1,0.3853401400547415,0.29329594576931195
302,5.0,flat,0.395,0.2195773124835157,1,0.2656350498561726,3,0.2195773124835157,0.2433800386113913
303,5.0,v,0.36500000000000005,0.2492360304140659,1,0.3778053614082975,2,0.2492360304140659,0.1892751455093125
304,10.0,flat,0.41500000000000004,0.27439663742577264,1,0.3620333298294739,2,0.27439663742577264,0.2100266638632507
305,10.0,v,0.5650000000000001,0.06508189580030742,1,0.03644428981278268,3,0.06508189580030742,0.010897772051547194
306,2.0,flat,0.595,0.3033252551358018,1,0.24017349115307546,1,0.3033252551358018,0.24017349115307546
307,2.0,v,0.705,0.254476016247418,1,0.2050656141250083,1,0.254476016247418,0.2050656141250083
308,5.0,flat,0.41500000000000004,0.14075833641919452,1,0.13965985704433112,2,0.14075833641919452,0.10771936850526688
309,5.0,v,0.365,0.24397963183904145,1,0.1541432442743726,2,0.24397963183904145,0.10918339460769404
310,10.0,flat,0.6250000000000001,0.3884140462998209,1,0.3391454686475169,1,0.3884140462998209,0.3391454686475169
311,10.0,v,0.595,0.3165167680856621,1,0.2496117122200065,1,0.3165167680856621,0.2496117122200065
312,2.0,flat,0.545,0.276998333254675,1,0.2293285754743431,1,0.276998333254675,0.2293285754743431
313,2.0,v,0.475,0.2271778824971085,1,0.2670407226579349,3,0.2271778824971085,0.15830326914244489
314,5.0,flat,0.5050000000000001,0.1784743741976114,1,0.12180904952404675,2,0.1784743741976114,0.12028744172955007
315,5.0,v,0.29500000000000004,0.14808993100076734,1,0.4580393171339674,1,0.14808993100076734,0.4580393171339674
316,10.0,flat,0.6450000000000001,0.16722823841018095,1,0.11402355807452605,4,0.16722823841018095,0.11243133470283496
317,10.0,v,0.365,0.033085103469220764,1,0.27747587641964355,1,0.033085103469220764,0.27747587641964355
318,2.0,flat,0.49499999999999994,0.31744392609198063,1,0.2221640431658482,1,0.31744392609198063,0.2221640431658482
319,2.0,v,0.6449999999999999,0.2628646247951569,1,0.21674766567394887,4,0.2628646247951569,0.1970102564831244
320,5.0,flat,0.425,0.3116407543946114,1,0.26752545357416657,1,0.3116407543946114,0.26752545357416657
321,5.0,v,0.445,0.11315899421821175,1,0.2532596085033918,3,0.11315899421821175,0.15925274035414966
322,10.0,flat,0.29500000000000004,0.20518306463759464,1,0.3498705691341383,1,0.20518306463759464,0.3498705691341383
323,10.0,v,0.755,0.3305446591434041,1,0.2833711014688564,1,0.3305446591434041,0.2833711014688564
324,2.0,flat,0.6549999999999999,0.2520292855145577,1,0.2358594817526791,1,0.2520292855145577,0.2358594817526791
325,2.0,v,0.595,0.31437795731327217,1,0.2785638857906765,1,0.31437795731327217,0.2785638857906765
326,5.0,flat,0.485,0.4244411583501858,1,0.2931438860596605,1,0.4244411583501858,0.2931438860596605
327,5.0,v,0.5050000000000001,0.2462381771842241,1,0.34170035253634384,3,0.2462381771842241,0.07556677831019079
328,10.0,flat,0.655,0.15488327399095528,1,0.056209663593524126,1,0.15488327399095528,0.056209663593524126
329,10.0,v,0.555,0.37450341225168216,1,0.28217622513486235,1,0.37450341225168216,0.28217622513486235
330,2.0,flat,0.275,0.14263950983704954,1,0.21622795196813904,1,0.14263950983704954,0.21622795196813904
331,2.0,v,0.675,0.26622158217298897,1,0.24340892369368206,1,0.26622158217298897,0.24340892369368206
332,5.0,flat,0.5650000000000001,0.25299716768814,1,0.15950642883469515,1,0.25299716768814,0.15950642883469515
333,5.0,v,0.635,0.33408128259418324,1,0.2408498659434415,1,0.33408128259418324,0.2408498659434415
334,10.0,flat,0.425,0.05575542076581026,1,0.1630257829182173,2,0.05575542076581026,0.13196673476939286
335,10.0,v,0.515,0.2892548038116685,1,0.2465534741911577,3,0.2892548038116685,0.08648446435276863
336,2.0,flat,0.5349999999999999,0.25065284138356164,1,0.21679433860880015,3,0.25065284138356164,0.2161854655025905
337,2.0,v,0.6849999999999999,0.2680130760105221,1,0.24490335305791766,1,0.2680130760105221,0.24490335305791766
338,5.0,flat,0.4050000000000001,0.4300958967369575,1,0.31419102056756104,1,0.4300958967369575,0.31419102056756104
339,5.0,v,0.595,0.30877499212338905,1,0.2573130241702916,3,0.30877499212338905,0.11808163280815773
340,10.0,flat,0.545,0.02986030450390423,1,0.033425392883182616,3,0.02986030450390423,0.019884786474021674
341,10.0,v,0.375,0.37427702892969505,1,0.5582203550576271,2,0.37427702892969505,0.06407036631961409
342,2.0,flat,0.595,0.3001972009362644,1,0.2624090845082945,1,0.3001972009362644,0.2624090845082945
343,2.0,v,0.535,0.2436905334491516,1,0.2374236484033169,3,0.2436905334491516,0.1385142330676409
344,5.0,flat,0.605,0.19692642565096116,1,0.1265947348778754,1,0.19692642565096116,0.1265947348778754
345,5.0,v,0.475,0.2175674958397492,1,0.4077339965943541,3,0.2175674958397492,0.11032092553730888
346,10.0,flat,0.465,0.3093908024138592,1,0.2307503872567793,2,0.3093908024138592,0.22502144362436316
347,10.0,v,0.515,0.16667696531034715,1,0.10175300467897047,2,0.16667696531034715,0.021428333853240174
348,2.0,flat,0.465,0.22947369505568502,1,0.2001583782739004,2,0.22947369505568502,0.18041085131459506
349,2.0,v,0.5650000000000001,0.27349336386401435,1,0.20430310682659386,3,0.27349336386401435,0.18231149557231466
350,5.0,flat,0.38499999999999995,0.424974141325186,1,0.2984224730529467,1,0.424974141325186,0.2984224730529467
351,5.0,v,0.6449999999999999,0.2712201620808328,1,0.27339765161829666,1,0.2712201620808328,0.27339765161829666
352,10.0,flat,0.355,0.005865866092501415,1,0.034580751209400414,1,0.005865866092501415,0.034580751209400414
353,10.0,v,0.525,0.1935401508260824,1,0.5581692233643079,3,0.1935401508260824,0.027298378230201818
354,2.0,flat,0.41500000000000004,0.20775408614776644,1,0.2149225400312461,2,0.20775408614776644,0.20852105592544826
355,2.0,v,0.625,0.2525007172811453,1,0.2356708466643188,4,0.2525007172811453,0.19112225316349454
356,5.0,flat,0.34500000000000003,0.36391518023894537,1,0.2844821785649032,2,0.36391518023894537,0.2824568631906348
357,5.0,v,0.23499999999999996,0.22687024516807164,1,0.6570362274869795,1,0.22687024516807164,0.6570362274869795
358,10.0,flat,0.5349999999999999,0.2332380949364317,1,0.11025950983899037,1,0.2332380949364317,0.11025950983899037
359,10.0,v,0.625,0.33898852249203393,1,0.2618988436076053,1,0.33898852249203393,0.2618988436076053
360,2.0,flat,0.485,0.2915364631014541,1,0.2279759481789177,1,0.2915364631014541,0.2279759481789177
361,2.0,v,0.395,0.2779559560194263,1,0.3038706541170103,2,0.2779559560194263,0.17796799433758712
362,5.0,flat,0.425,0.3999772843760506,1,0.26794071584082196,1,0.3999772843760506,0.26794071584082196
363,5.0,v,0.5349999999999999,0.19260753394411512,1,0.21835441006874415,3,0.19260753394411512,0.048288915057417975
364,10.0,flat,0.5349999999999999,0.3581660369670401,1,0.2687413323227084,1,0.3581660369670401,0.2687413323227084
365,10.0,v,0.215,0.1137371149490614,1,0.3705041827079635,1,0.1137371149490614,0.3705041827079635
366,2.0,flat,0.43499999999999994,0.2055602990589292,1,0.20279415375208212,2,0.2055602990589292,0.1958191953496516
367,2.0,v,0.275,0.17476496022023771,1,0.3029616411542029,1,0.17476496022023771,0.3029616411542029
368,5.0,flat,0.585,0.2544404719069781,1,0.17791738996212228,1,0.2544404719069781,0.17791738996212228
369,5.0,v,0.595,0.3151608716076688,1,0.23963906129587734,1,0.3151608716076688,0.23963906129587734
370,10.0,flat,0.605,0.2034588887712962,1,0.10529693103003154,1,0.2034588887712962,0.10529693103003154
371,10.0,v,0.43499999999999994,0.04883321308722603,1,0.06911708474073679,2,0.04883321308722603,0.005187338442514036
372,2.0,flat,0.595,0.2260584179689307,1,0.1899592886787374,4,0.2260584179689307,0.17533981997496656
373,2.0,v,0.39499999999999996,0.23188447165606496,1,0.24522328619859016,2,0.23188447165606496,0.2036901843609512
374,5.0,flat,0.425,0.16359973385441146,1,0.1627100509830106,2,0.16359973385441146,0.12401273529209755
375,5.0,v,0.645,0.16597186338003098,1,0.18955304953944388,4,0.16597186338003098,0.04927842789016144
376,10.0,flat,0.625,0.15572796659230234,1,0.056738808326546875,1,0.15572796659230234,0.056738808326546875
377,10.0,v,0.45500000000000007,0.3690014649881267,1,0.3794237155994847,2,0.3690014649881267,0.017096130843228745
378,2.0,flat,0.485,0.21549374625909465,1,0.19255042136371975,3,0.21549374625909465,0.17839027185473869
379,2.0,v,0.545,0.2816774910813046,1,0.2083278253099585,3,0.2816774910813046,0.1525581848153551
380,5.0,flat,0.375,0.3872254435744456,1,0.3357410718366862,2,0.3872254435744456,0.25269526957119803
381,5.0,v,0.4149999999999999,0.15827777487457345,1,0.31811957054119405,2,0.15827777487457345,0.1940721697355939
382,10.0,flat,0.4050000000000001,0.014969423351165653,1,0.06019329359733041,2,0.014969423351165653,0.05174731990843457
383,10.0,v,0.335,0.08540047367305076,1,0.4126053768229878,2,0.08540047367305076,0.22911567189018134
384,2.0,flat,0.515,0.23370578659666266,1,0.21713464933466525,3,0.23370578659666266,0.20070877329970696
385,2.0,v,0.445,0.30095000018877305,1,0.26975233823741024,2,0.30095000018877305,0.1573749645430676
386,5.0,flat,0.445,0.22546069384173886,1,0.246921239297986,3,0.22546069384173886,0.1881959848335069
387,5.0,v,0.43499999999999994,0.3268162603543333,1,0.3167306124613756,2,0.3268162603543333,0.09620818327506853
388,10.0,flat,0.565,0.21394457394941552,1,0.11066563170381406,1,0.21394457394941552,0.11066563170381406
389,10.0,v,0.495,0.10569777717018836,1,0.1705793085644735,3,0.10569777717018836,0.008863260798070214
390,2.0,flat,0.495,0.2673292701099204,1,0.19589990678138225,2,0.2673292701099204,0.1816863796280373
391,2.0,v,0.45499999999999996,0.2318948978705424,1,0.22079883226561794,2,0.2318948978705424,0.13089081179298195
392,5.0,flat,0.5549999999999999,0.3724992091817973,1,0.269850816201545,1,0.3724992091817973,0.269850816201545
393,5.0,v,0.555,0.17761214791056373,1,0.21148594653538386,4,0.17761214791056373,0.046271790259250815
394,10.0,flat,0.525,0.11166485810810972,1,0.034225558316096416,1,0.11166485810810972,0.034225558316096416
395,10.0,v,0.6649999999999999,0.3414715856902425,1,0.3037014698872227,1,0.3414715856902425,0.3037014698872227
396,2.0,flat,0.6049999999999999,0.2737211848104493,1,0.2327670918335087,1,0.2737211848104493,0.2327670918335087
397,2.0,v,0.36500000000000005,0.2654009948442185,1,0.3155291868589121,2,0.2654009948442185,0.21609890422989086
398,5.0,flat,0.505,0.2915098568431846,1,0.180860468413247,3,0.2915098568431846,0.17964207594400156
399,5.0,v,0.45500000000000007,0.3585215992205358,1,0.3441228492401175,2,0.3585215992205358,0.1014115391398362
400,10.0,flat,0.465,0.2020332442215164,1,0.11426158607039795,1,0.2020332442215164,0.11426158607039795
401,10.0,v,0.325,0.15007772676756387,1,0.5094465120716629,2,0.15007772676756387,0.3916639819602068
402,2.0,flat,0.34500000000000003,0.2778142976364755,1,0.24439755586759576,1,0.2778142976364755,0.24439755586759576
403,2.0,v,0.425,0.2274262474396905,1,0.24630749635113736,2,0.2274262474396905,0.17996451965364835
404,5.0,flat,0.595,0.345734617414764,1,0.2766600139688074,1,0.345734617414764,0.2766600139688074
405,5.0,v,0.29500000000000004,0.2271047004188136,1,0.4440089741713893,1,0.2271047004188136,0.4440089741713893
406,10.0,flat,0.40499999999999997,0.2794772161311309,1,0.24902537667465824,2,0.2794772161311309,0.21408358077740197
407,10.0,v,0.575,0.2908951988218244,1,0.12210419061867432,1,0.2908951988218244,0.12210419061867432
408,2.0,flat,0.5650000000000001,0.2473883499164028,1,0.1845455544696492,1,0.2473883499164028,0.1845455544696492
409,2.0,v,0.575,0.28943278031272235,1,0.24516437767629184,3,0.28943278031272235,0.2348706591908623
410,5.0,flat,0.545,0.27425677434310025,1,0.1562867204903534,1,0.27425677434310025,0.1562867204903534
411,5.0,v,0.525,0.3877870220192265,1,0.29157461048959976,3,0.3877870220192265,0.22281150578415515
412,10.0,flat,0.635,0.046205538449392236,1,0.028613059270737963,4,0.046205538449392236,0.019308583701990845
413,10.0,v,0.485,0.1457806610315669,1,0.3496688889393668,3,0.1457806610315669,0.018168713320054618
414,2.0,flat,0.545,0.3267334231832091,1,0.2427659103608449,1,0.3267334231832091,0.2427659103608449
415,2.0,v,0.495,0.2650575807003785,1,0.2519470361864038,3,0.2650575807003785,0.13945776141137256
416,5.0,flat,0.635,0.2620278706268405,1,0.1788808484080633,1,0.2620278706268405,0.1788808484080633
417,5.0,v,0.665,0.3217228206917772,1,0.2661773947105205,1,0.3217228206917772,0.2661773947105205
418,10.0,flat,0.465,0.10418007073572257,1,0.043128489715790856,2,0.10418007073572257,0.04252624408803788
419,10.0,v,0.29500000000000004,0.1382535141395181,1,0.4931876645693212,1,0.1382535141395181,0.4931876645693212
420,2.0,flat,0.655,0.2377084336545697,1,0.1882181643498576,1,0.2377084336545697,0.1882181643498576
421,2.0,v,0.575,0.2647484757867168,1,0.23488165356388765,3,0.2647484757867168,0.17200351734494335
422,5.0,flat,0.4149999999999999,0.41342007859371704,1,0.25871506727038224,1,0.41342007859371704,0.25871506727038224
423,5.0,v,0.495,0.1075964255754884,1,0.17495101764522314,3,0.1075964255754884,0.06999985628888225
424,10.0,flat,0.485,0.06664813954187987,1,0.03690224426849401,2,0.06664813954187987,0.03598605565517396
425,10.0,v,0.615,0.19644670237194067,1,0.17611942572879488,3,0.19644670237194067,0.037089281682288484
426,2.0,flat,0.485,0.28074929605900506,1,0.1999003504741562,1,0.28074929605900506,0.1999003504741562
427,2.0,v,0.625,0.2454694246515269,1,0.2052726371006576,3,0.2454694246515269,0.16036719364300386
428,5.0,flat,0.43499999999999994,0.2258555580893912,1,0.21790788108006945,3,0.2258555580893912,0.19965147121853508
429,5.0,v,0.485,0.22717294051652254,1,0.3784738572092237,3,0.22717294051652254,0.09444156056160743
430,10.0,flat,0.575,0.2731449478307105,1,0.17899913037819082,1,0.2731449478307105,0.17899913037819082
431,10.0,v,0.365,0.2323328573867529,1,0.5649542232083551,2,0.2323328573867529,0.228735010910335
432,2.0,flat,0.525,0.2886454248188011,1,0.2367909302761588,1,0.2886454248188011,0.2367909302761588
433,2.0,v,0.645,0.2421855346597719,1,0.22144543126481295,4,0.2421855346597719,0.1621641899210976
434,5.0,flat,0.545,0.19742799082913493,1,0.1652020489439433,3,0.19742799082913493,0.12582831155669574
435,5.0,v,0.355,0.3265828974272794,1,0.3777640827285432,2,0.3265828974272794,0.1892544654742601
436,10.0,flat,0.605,0.2477754377994716,1,0.1653126585915077,1,0.2477754377994716,0.1653126585915077
437,10.0,v,0.475,0.042648566741189435,1,0.1904569174756504,3,0.042648566741189435,0.013943079259703636
438,2.0,flat,0.5349999999999999,0.2298443453121713,1,0.19892199875076405,3,0.2298443453121713,0.18387387952097636
439,2.0,v,0.41500000000000004,0.2861845445248067,1,0.2918249384178116,2,0.2861845445248067,0.15699183820737367
440,5.0,flat,0.335,0.3820885243917939,1,0.3270104793880658,1,0.3820885243917939,0.3270104793880658
441,5.0,v,0.34500000000000003,0.1158766304102438,1,0.3255157741662019,1,0.1158766304102438,0.3255157741662019
442,10.0,flat,0.635,0.10537125593338208,1,0.033349633678727585,1,0.10537125593338208,0.033349633678727585
443,10.0,v,0.505,0.12046819393225153,1,0.4171589787662819,3,0.12046819393225153,0.07723632025008567
444,2.0,flat,0.605,0.2924508097656991,1,0.260541146790691,1,0.2924508097656991,0.260541146790691
445,2.0,v,0.5349999999999999,0.330814112038107,1,0.2129922837261328,1,0.330814112038107,0.2129922837261328
446,5.0,flat,0.505,0.18727534929232487,1,0.1137308279775395,1,0.18727534929232487,0.1137308279775395
447,5.0,v,0.40499999999999997,0.4193264973547529,1,0.372211989911892,2,0.4193264973547529,0.14156540269829784
448,10.0,flat,0.555,0.154049021196545,1,0.057876796964415236,1,0.154049021196545,0.057876796964415236
449,10.0,v,0.38499999999999995,0.010428555074267884,1,0.04294882124977753,1,0.010428555074267884,0.04294882124977753
450,2.0,flat,0.46499999999999997,0.22563612951056086,1,0.2104346892047672,3,0.22563612951056086,0.1947864753118652
451,2.0,v,0.5149999999999999,0.284195145784786,1,0.25049969805280536,3,0.284195145784786,0.17016644057569055
452,5.0,flat,0.525,0.3123893084530879,1,0.2461876952473796,1,0.3123893084530879,0.2461876952473796
453,5.0,v,0.525,0.15994983157279904,1,0.20704702818342235,3,0.15994983157279904,0.045300582941106234
454,10.0,flat,0.645,0.15781475094830333,1,0.05696953390500234,1,0.15781475094830333,0.05696953390500234
455,10.0,v,0.43499999999999994,0.02651953154727786,1,0.17985864451400718,2,0.02651953154727786,0.02879338119273628
456,2.0,flat,0.505,0.2395683947743616,1,0.2172628244150135,3,0.2395683947743616,0.19391994390503506
457,2.0,v,0.765,0.25265771682,1,0.25711873989503337,1,0.25265771682,0.25711873989503337
458,5.0,flat,0.355,0.14487131618839436,1,0.2330639158861507,2,0.14487131618839436,0.23146719340805436
459,5.0,v,0.485,0.3409297093085084,1,0.18110479282922565,2,0.3409297093085084,0.14264809050258134
460,10.0,flat,0.585,0.09780933118433366,1,0.0416388918838022,3,0.09780933118433366,0.041057446979360826
461,10.0,v,0.31499999999999995,0.3380491572723691,1,0.6037001255811862,2,0.3380491572723691,0.23870594333424816
462,2.0,flat,0.465,0.24906328966859365,1,0.2026716295414032,2,0.24906328966859365,0.1873398569622646
463,2.0,v,0.465,0.21981604946700906,1,0.2327092199665125,3,0.21981604946700906,0.1613191260654211
464,5.0,flat,0.705,0.3479687045855279,1,0.3212930058366779,1,0.3479687045855279,0.3212930058366779
465,5.0,v,0.685,0.22528477192645946,1,0.1845781968946069,4,0.22528477192645946,0.09957299455060722
466,10.0,flat,0.485,0.06850195891024709,1,0.05209475410011953,2,0.06850195891024709,0.03515443456986367
467,10.0,v,0.465,0.0993168880104746,1,0.28087997433420697,2,0.0993168880104746,0.012655932128210009
468,2.0,flat,0.725,0.25088941531394715,1,0.24254682821499596,1,0.25088941531394715,0.24254682821499596
469,2.0,v,0.425,0.2680920688054596,1,0.2727424358646617,2,0.2680920688054596,0.14672610434083636
470,5.0,flat,0.38499999999999995,0.21196416099679893,1,0.25450121754546057,2,0.21196416099679893,0.22740937223770905
471,5.0,v,0.5349999999999999,0.22342008381704972,1,0.18062092837480187,3,0.22342008381704972,0.1029013290781364
472,10.0,flat,0.5549999999999999,0.26071727706216485,1,0.1898894821607608,1,0.26071727706216485,0.1898894821607608
473,10.0,v,0.485,0.10519107734249812,1,0.12489802673015235,3,0.10519107734249812,0.0101744829670703
474,2.0,flat,0.29500000000000004,0.2828798812102625,1,0.2849110529930139,1,0.2828798812102625,0.2849110529930139
475,2.0,v,0.5449999999999999,0.2465180222119685,1,0.22486802949970303,3,0.2465180222119685,0.1229707739209154
476,5.0,flat,0.395,0.38831788340299933,1,0.2811334311506877,1,0.38831788340299933,0.2811334311506877
477,5.0,v,0.775,0.25742089459615786,1,0.2349263774681435,1,0.25742089459615786,0.2349263774681435
478,10.0,flat,0.545,0.3029803342891665,1,0.18109535515723665,1,0.3029803342891665,0.18109535515723665
479,10.0,v,0.625,0.30273496690603163,1,0.1552434699599787,1,0.30273496690603163,0.1552434699599787
480,2.0,flat,0.5850000000000001,0.3206830065406944,1,0.2905084599185417,1,0.3206830065406944,0.2905084599185417
481,2.0,v,0.49499999999999994,0.2994438763918621,1,0.20960929381009846,1,0.2994438763918621,0.20960929381009846
482,5.0,flat,0.5449999999999999,0.3148161331744781,1,0.26229381540425684,1,0.3148161331744781,0.26229381540425684
483,5.0,v,0.5450000000000002,0.3147844050305282,1,0.19408067528893966,3,0.3147844050305282,0.09180175517473266
484,10.0,flat,0.45500000000000007,0.16327721213113178,1,0.28623348691408224,3,0.16327721213113178,0.19450365740891615
485,10.0,v,0.7150000000000001,0.3805282387511943,1,0.3012426554722332,1,0.3805282387511943,0.3012426554722332
486,2.0,flat,0.585,0.2259938589593478,1,0.17204730290086706,4,0.2259938589593478,0.1588063596554897
487,2.0,v,0.6950000000000001,0.2578501535590922,1,0.20066562504581745,1,0.2578501535590922,0.20066562504581745
488,5.0,flat,0.595,0.2079839990912438,1,0.12509109780119634,1,0.2079839990912438,0.12509109780119634
489,5.0,v,0.5850000000000001,0.2098943574357521,1,0.2159357022491088,3,0.2098943574357521,0.06363533246536486
490,10.0,flat,0.395,0.06948543168238064,1,0.03726102740134798,1,0.06948543168238064,0.03726102740134798
491,10.0,v,0.5650000000000001,0.2982591820803437,1,0.6299205661562575,4,0.2982591820803437,0.03273052462749724
492,2.0,flat,0.565,0.24019071446416285,1,0.1945544882021046,3,0.24019071446416285,0.194008076352428
493,2.0,v,0.475,0.2753005306345707,1,0.24386201657091505,2,0.2753005306345707,0.13335777866848836
494,5.0,flat,0.525,0.2687885399372165,1,0.14193336387987432,1,0.2687885399372165,0.14193336387987432
495,5.0,v,0.425,0.3421931109554741,1,0.16530741158097415,2,0.3421931109554741,0.14562646153346087
496,10.0,flat,0.33499999999999996,0.049751025033972315,1,0.27886431348985197,1,0.049751025033972315,0.27886431348985197
497,10.0,v,0.305,0.049834476439985925,1,0.5482515108636379,1,0.049834476439985925,0.5482515108636379
498,2.0,flat,0.43499999999999994,0.22344383400071804,1,0.2091034351724728,2,0.22344383400071804,0.19355421516656654
499,2.0,v,0.525,0.2578996455758995,1,0.2630514413936397,3,0.2578996455758995,0.1456042734539281
500,5.0,flat,0.49499999999999994,0.37313455421604586,1,0.2928954697918382,1,0.37313455421604586,0.2928954697918382
501,5.0,v,0.665,0.351005159433617,1,0.2780108795143229,1,0.351005159433617,0.2780108795143229
502,10.0,flat,0.5650000000000001,0.3900683254717805,1,0.3096898247849997,1,0.3900683254717805,0.3096898247849997
503,10.0,v,0.375,0.010429556177344305,1,0.043277510256564386,1,0.010429556177344305,0.043277510256564386
504,2.0,flat,0.615,0.25487016855152594,1,0.2036947340289008,1,0.25487016855152594,0.2036947340289008
505,2.0,v,0.465,0.2351721305347175,1,0.2935048508269539,3,0.2351721305347175,0.1833853607712297
506,5.0,flat,0.575,0.3487062837900849,1,0.2284774732501597,1,0.3487062837900849,0.2284774732501597
507,5.0,v,0.5349999999999999,0.2696816129547677,1,0.2006725639544116,3,0.2696816129547677,0.06095508944074138
508,10.0,flat,0.485,0.29164584113783026,1,0.15612843873785526,1,0.29164584113783026,0.15612843873785526
509,10.0,v,0.24500000000000002,0.14436347840238214,1,0.7901833919755133,1,0.14436347840238214,0.7901833919755133
510,2.0,flat,0.665,0.2366749867175073,1,0.21123256155592451,1,0.2366749867175073,0.21123256155592451
511,2.0,v,0.485,0.2737024352550692,1,0.1877397268076398,1,0.2737024352550692,0.1877397268076398
512,5.0,flat,0.45499999999999996,0.10876667013091874,1,0.1227396516915924,2,0.10876667013091874,0.11043048379714396
513,5.0,v,0.475,0.2318766301780971,1,0.2414220702371224,3,0.2318766301780971,0.05503139971121476
514,10.0,flat,0.325,0.18527487078220828,1,0.39784520174480464,1,0.18527487078220828,0.39784520174480464
515,10.0,v,0.825,0.2580371866642415,1,0.2495279376124957,1,0.2580371866642415,0.2495279376124957
516,2.0,flat,0.515,0.2617354928638402,1,0.2069869507734613,1,0.2617354928638402,0.2069869507734613
517,2.0,v,0.575,0.2569571696406831,1,0.24668983597937494,4,0.2569571696406831,0.1531651799614987
518,5.0,flat,0.7350000000000001,0.2007734700921366,1,0.1445690829928587,1,0.2007734700921366,0.1445690829928587
519,5.0,v,0.36500000000000005,0.3018029303954443,1,0.4109872027489077,2,0.3018029303954443,0.13923681113198733
520,10.0,flat,0.505,0.27657346008609274,1,0.21967922273918689,3,0.27657346008609274,0.14719365571696064
521,10.0,v,0.33499999999999996,0.3199958809815491,1,0.5557296474107465,2,0.3199958809815491,0.20682799127397555
522,2.0,flat,0.43499999999999994,0.25484218940761444,1,0.2232613794164244,2,0.25484218940761444,0.20123452174992004
523,2.0,v,0.675,0.26517421545013753,1,0.26151877389717626,1,0.26517421545013753,0.26151877389717626
524,5.0,flat,0.745,0.26691576614478024,1,0.2387514367899708,1,0.26691576614478024,0.2387514367899708
525,5.0,v,0.575,0.1992296306550208,1,0.22688852313580796,3,0.1992296306550208,0.058984594305493125
526,10.0,flat,0.635,0.19576764609776826,1,0.09229688188894186,1,0.19576764609776826,0.09229688188894186
527,10.0,v,0.315,0.005375890430742455,1,0.4376673658588993,1,0.005375890430742455,0.4376673658588993
528,2.0,flat,0.375,0.2991852259624493,1,0.22469722769966585,1,0.2991852259624493,0.22469722769966585
529,2.0,v,0.795,0.2414578749307609,1,0.2537809484083669,1,0.2414578749307609,0.2537809484083669
530,5.0,flat,0.545,0.3926286023559078,1,0.3251868635422575,1,0.3926286023559078,0.3251868635422575
531,5.0,v,0.215,0.21067973167792484,1,0.3320243121434311,1,0.21067973167792484,0.3320243121434311
532,10.0,flat,0.385,0.13826228395682455,1,0.26931817576999056,2,0.13826228395682455,0.2629814186978138
533,10.0,v,0.4050000000000001,0.2102347709008397,1,0.3987466338095162,2,0.2102347709008397,0.032482825710585125
534,2.0,flat,0.585,0.2849285958494921,1,0.2293158259841599,1,0.2849285958494921,0.2293158259841599
535,2.0,v,0.5650000000000001,0.3387905527944576,1,0.24338825239658765,1,0.3387905527944576,0.24338825239658765
536,5.0,flat,0.6950000000000001,0.35525092061957964,1,0.33011602305467197,1,0.35525092061957964,0.33011602305467197
537,5.0,v,0.675,0.2691480136055515,1,0.245163367469832,1,0.2691480136055515,0.245163367469832
538,10.0,flat,0.38499999999999995,0.2817918041661966,1,0.2351322032633411,2,0.2817918041661966,0.23179616511776366
539,10.0,v,0.6050000000000001,0.33366379120061057,1,0.3305991210346173,4,0.33366379120061057,0.1159654634434691
540,2.0,flat,0.615,0.2415053748263429,1,0.2023892832590644,1,0.2415053748263429,0.2023892832590644
541,2.0,v,0.695,0.2400232409860925,1,0.20593552487056066,4,0.2400232409860925,0.20479700311568974
542,5.0,flat,0.34500000000000003,0.24354311245961005,1,0.3224755204619117,2,0.24354311245961005,0.298996861467799
543,5.0,v,0.375,0.20934542881646526,1,0.1872443724661384,2,0.20934542881646526,0.07629970253661036
544,10.0,flat,0.465,0.2745422062840329,1,0.248627850369892,3,0.2745422062840329,0.17302055716131334
545,10.0,v,0.465,0.2380050175064463,1,0.8320456732733376,3,0.2380050175064463,0.037490439086941066
546,2.0,flat,0.48500000000000004,0.23160802510778056,1,0.20617786755710474,3,0.23160802510778056,0.1910155562550865
547,2.0,v,0.605,0.198446962546492,1,0.22925688347662526,4,0.198446962546492,0.12483498115804224
548,5.0,flat,0.5549999999999999,0.17974343932524162,1,0.12618009813427955,3,0.17974343932524162,0.104522843277596
549,5.0,v,0.515,0.2567448960387959,1,0.12460782974950264,1,0.2567448960387959,0.12460782974950264
550,10.0,flat,0.645,0.3776628776683594,1,0.3301965847585751,1,0.3776628776683594,0.3301965847585751
551,10.0,v,0.495,0.09416715606106248,1,0.3605795850193129,3,0.09416715606106248,0.017261189217121643
552,2.0,flat,0.485,0.2845076214574513,1,0.23142410011214834,1,0.2845076214574513,0.23142410011214834
553,2.0,v,0.635,0.28039444410771297,1,0.2597539635610361,1,0.28039444410771297,0.2597539635610361
554,5.0,flat,0.45499999999999996,0.2234239985488728,1,0.2163115966554055,2,0.2234239985488728,0.19999910076311173
555,5.0,v,0.38499999999999995,0.12356517089331827,1,0.25120707046493856,2,0.12356517089331827,0.1977869523477858
556,10.0,flat,0.475,0.1313275531078842,1,0.1117945204774192,2,0.1313275531078842,0.10901894764375188
557,10.0,v,0.505,0.018201054548691184,1,0.10482596028922084,3,0.018201054548691184,0.015795521970940692
558,2.0,flat,0.38499999999999995,0.25641706974829204,1,0.2020549584359092,1,0.25641706974829204,0.2020549584359092
559,2.0,v,0.545,0.26145333744398125,1,0.19940104215440416,3,0.26145333744398125,0.12380443800953014
560,5.0,flat,0.45499999999999996,0.08618173150303501,1,0.110972612621032,2,0.08618173150303501,0.11021233849472044
561,5.0,v,0.5050000000000001,0.3554889304106913,1,0.34551945647077004,3,0.3554889304106913,0.20463786424936556
562,10.0,flat,0.5449999999999999,0.28729093035451003,1,0.2734570381491256,4,0.28729093035451003,0.15490819179782514
563,10.0,v,0.315,0.023965701316170842,1,0.562410169512219,1,0.023965701316170842,0.562410169512219
564,2.0,flat,0.5650000000000001,0.3185811081148884,1,0.2578372705327444,1,0.3185811081148884,0.2578372705327444
565,2.0,v,0.31500000000000006,0.2943031174752511,1,0.2883516634575269,2,0.2943031174752511,0.2563459402083081
566,5.0,flat,0.7250000000000001,0.3258608126603338,1,0.3165580806883828,1,0.3258608126603338,0.3165580806883828
567,5.0,v,0.515,0.25347130573498217,1,0.4043653457504008,4,0.25347130573498217,0.10614677228674133
568,10.0,flat,0.505,0.04287789993273326,1,0.05841115055428519,3,0.04287789993273326,0.03474882884797078
569,10.0,v,0.425,0.31205360033728785,1,0.2614282560732189,1,0.31205360033728785,0.2614282560732189
570,2.0,flat,0.495,0.2146607238583518,1,0.17801626222282496,2,0.2146607238583518,0.17251981112037246
571,2.0,v,0.605,0.2826990944221948,1,0.2214581752818824,3,0.2826990944221948,0.19886890433605267
572,5.0,flat,0.35500000000000004,0.13802401686693128,1,0.15507854859032585,1,0.13802401686693128,0.15507854859032585
573,5.0,v,0.475,0.29186460498052025,1,0.22249525643036144,3,0.29186460498052025,0.16419187173038613
574,10.0,flat,0.625,0.1453318209419329,1,0.05799845595537166,1,0.1453318209419329,0.05799845595537166
575,10.0,v,0.305,0.27692765805944963,1,0.4198804078727043,2,0.27692765805944963,0.32216782972988856
576,2.0,flat,0.6050000000000001,0.26089697621218033,1,0.22178227830221092,1,0.26089697621218033,0.22178227830221092
577,2.0,v,0.575,0.21750276261086826,1,0.2593731140046185,4,0.21750276261086826,0.1488592626814786
578,5.0,flat,0.485,0.15694429399796314,1,0.14449084572652132,2,0.15694429399796314,0.11144550041686146
579,5.0,v,0.425,0.2934931519684234,1,0.4304094342829624,2,0.2934931519684234,0.10740117944698813
580,10.0,flat,0.485,0.14824913052988947,1,0.09320680590532712,2,0.14824913052988947,0.07439582761591843
581,10.0,v,0.425,0.012532031163753496,1,0.2522866603728424,2,0.012532031163753496,0.18256314606923807
582,2.0,flat,0.575,0.2384400961739285,1,0.2020229351635721,4,0.2384400961739285,0.18736515139162613
583,2.0,v,0.365,0.2985500823856058,1,0.31997887522115165,2,0.2985500823856058,0.1896853090414808
584,5.0,flat,0.635,0.35268685187933074,1,0.3200557910113467,1,0.35268685187933074,0.3200557910113467
585,5.0,v,0.475,0.26916906506493643,1,0.4104873512016848,3,0.26916906506493643,0.08713376086288899
586,10.0,flat,0.765,0.28879053622831463,1,0.2653371556524973,1,0.28879053622831463,0.2653371556524973
587,10.0,v,0.45499999999999996,0.31523530222918944,1,0.14868379715136892,1,0.31523530222918944,0.14868379715136892
588,2.0,flat,0.4050000000000001,0.18586003434388665,1,0.2042734776893872,2,0.18586003434388665,0.20330303528733676
589,2.0,v,0.495,0.3559121817995847,1,0.2328900301864425,1,0.3559121817995847,0.2328900301864425
590,5.0,flat,0.255,0.3061966079489365,1,0.31551159443409715,1,0.3061966079489365,0.31551159443409715
591,5.0,v,0.485,0.1400243144557864,1,0.2598016178893489,3,0.1400243144557864,0.1039495291919502
592,10.0,flat,0.335,0.015095495719496229,1,0.05501993527798154,1,0.015095495719496229,0.05501993527798154
593,10.0,v,0.4050000000000001,0.20989365027894305,1,0.5653282199128192,2,0.20989365027894305,0.029374321491649393
594,2.0,flat,0.6050000000000001,0.25571905334763684,1,0.20807894368610025,1,0.25571905334763684,0.20807894368610025
595,2.0,v,0.6549999999999999,0.20289308514425186,1,0.2161950169928312,4,0.20289308514425186,0.1440690599329509
596,5.0,flat,0.475,0.2046814093439508,1,0.15771300779405645,2,0.2046814093439508,0.155742896846712
597,5.0,v,0.325,0.2239650543550358,1,0.3537450109755129,2,0.2239650543550358,0.26360295857004434
598,10.0,flat,0.645,0.387699245424442,1,0.3305522413309881,1,0.387699245424442,0.3305522413309881
599,10.0,v,0.495,0.20688325499391316,1,0.05205026222559059,1,0.20688325499391316,0.05205026222559059
600,2.0,flat,0.685,0.27265300231226314,1,0.26526544210064584,1,0.27265300231226314,0.26526544210064584
601,2.0,v,0.575,0.2869316015524034,1,0.2185005944410647,1,0.2869316015524034,0.2185005944410647
602,5.0,flat,0.635,0.22374769099290184,1,0.1360750544256331,4,0.22374769099290184,0.13515836531706832
603,5.0,v,0.475,0.13266510014387614,1,0.12832691762139387,3,0.13266510014387614,0.06466630058940152
604,10.0,flat,0.36500000000000005,0.0843151696097309,1,0.28880128845092834,2,0.0843151696097309,0.19624855034859764
605,10.0,v,0.465,0.30797901726003496,1,0.1854142978821547,2,0.30797901726003496,0.1082727182083742
606,2.0,flat,0.475,0.3459124834232325,1,0.25467508289334195,1,0.3459124834232325,0.25467508289334195
607,2.0,v,0.485,0.2877853589673652,1,0.22817837524760265,2,0.2877853589673652,0.14932078497682988
608,5.0,flat,0.5549999999999999,0.24226855707548275,1,0.1948431552235688,3,0.24226855707548275,0.1740746901357979
609,5.0,v,0.5549999999999999,0.20795484711182,1,0.2953054989350936,4,0.20795484711182,0.08090048405457609
610,10.0,flat,0.475,0.26942756362914405,1,0.2444771428083503,3,0.26942756362914405,0.16380923029722355
611,10.0,v,0.475,0.379776274737704,1,0.36106123105299226,2,0.379776274737704,0.08425250825728459
612,2.0,flat,0.595,0.2754162184667361,1,0.2488185333171269,1,0.2754162184667361,0.2488185333171269
613,2.0,v,0.4050000000000001,0.2265711664930264,1,0.2404289172016093,2,0.2265711664930264,0.20065527322399548
614,5.0,flat,0.45500000000000007,0.07511251786158467,1,0.13809726864938746,2,0.07511251786158467,0.13646296051081724
615,5.0,v,0.535,0.2780844800446328,1,0.3678639389187199,3,0.2780844800446328,0.0838534250083037
616,10.0,flat,0.445,0.2363120437270245,1,0.25832653302222963,2,0.2363120437270245,0.2208337744512316
617,10.0,v,0.425,0.15033820143302948,1,0.3717885522971739,2,0.15033820143302948,0.01818306007825729
618,2.0,flat,0.605,0.19977709067376173,1,0.17437527282055246,4,0.19977709067376173,0.15638319289612654
619,2.0,v,0.585,0.2667626234080141,1,0.21645981417427848,3,0.2667626234080141,0.1691070637855801
620,5.0,flat,0.665,0.28133739840407457,1,0.22973266470144435,1,0.28133739840407457,0.22973266470144435
621,5.0,v,0.5850000000000001,0.3858526874177836,1,0.3336088816247042,1,0.3858526874177836,0.3336088816247042
622,10.0,flat,0.555,0.3986098933905717,1,0.30101102306875205,1,0.3986098933905717,0.30101102306875205
623,10.0,v,0.4050000000000001,0.20771893625447088,1,0.5310074247147972,2,0.20771893625447088,0.03588828710030322
624,2.0,flat,0.515,0.29711788999192223,1,0.2474708331342129,1,0.29711788999192223,0.2474708331342129
625,2.0,v,0.685,0.2846793812306996,1,0.2646821340665841,1,0.2846793812306996,0.2646821340665841
626,5.0,flat,0.7150000000000001,0.3139110667300947,1,0.2780525984359337,1,0.3139110667300947,0.2780525984359337
627,5.0,v,0.595,0.3334305439032853,1,0.2775074998169237,3,0.3334305439032853,0.21206189316957152
628,10.0,flat,0.545,0.1368272696999692,1,0.10474748919997584,3,0.1368272696999692,0.07187607120026222
629,10.0,v,0.40499999999999997,0.12037515767659825,1,0.4944938949545405,3,0.12037515767659825,0.07916300744609542
630,2.0,flat,0.535,0.24969024356285904,1,0.2106718315582127,3,0.24969024356285904,0.2100801536883252
631,2.0,v,0.475,0.3000275080030854,1,0.2524761391525653,3,0.3000275080030854,0.2010299859152347
632,5.0,flat,0.395,0.13261805630053444,1,0.1705983006458321,2,0.13261805630053444,0.14063012611953654
633,5.0,v,0.505,0.2328701828781275,1,0.31082071260953303,3,0.2328701828781275,0.07755989639592946
634,10.0,flat,0.4050000000000001,0.0693659247726575,1,0.05406854554361944,2,0.0693659247726575,0.03598815854610648
635,10.0,v,0.525,0.382631641492783,1,0.3780064626622589,3,0.382631641492783,0.11000731458640703
636,2.0,flat,0.445,0.28386596638130696,1,0.20208165518532048,2,0.28386596638130696,0.19264282745992528
637,2.0,v,0.425,0.3006842740271449,1,0.2923720922748215,2,0.3006842740271449,0.1705714506713084
638,5.0,flat,0.45499999999999996,0.3968228874607256,1,0.3059846358043452,1,0.3968228874607256,0.3059846358043452
639,5.0,v,0.505,0.3207114842470105,1,0.4812261745456318,3,0.3207114842470105,0.1064228098655038
640,10.0,flat,0.5349999999999999,0.10231073501413383,1,0.05156333848904005,3,0.10231073501413383,0.040594836398628056
641,10.0,v,0.40499999999999997,0.30889756576984073,1,0.5013777428486885,3,0.30889756576984073,0.12731675433330178
642,2.0,flat,0.36499999999999994,0.3685885225571427,1,0.27590206287502805,1,0.3685885225571427,0.27590206287502805
643,2.0,v,0.485,0.24503290565349325,1,0.21796302603967985,2,0.24503290565349325,0.12509320972841045
644,5.0,flat,0.49499999999999994,0.2874129986789157,1,0.18934635425884136,3,0.2874129986789157,0.1680048546157048
645,5.0,v,0.4050000000000001,0.15994489274831494,1,0.28066891291459833,2,0.15994489274831494,0.2387556865855447
646,10.0,flat,0.465,0.16816995874545748,1,0.2393995078640881,3,0.16816995874545748,0.16267865917252622
647,10.0,v,0.635,0.2562525151476322,1,0.16194148414410942,3,0.2562525151476322,0.094565763693829
648,2.0,flat,0.595,0.260571209715434,1,0.20195968667028186,1,0.260571209715434,0.20195968667028186
649,2.0,v,0.5349999999999999,0.30916977599207585,1,0.19668340039151602,2,0.30916977599207585,0.17662121656680105
650,5.0,flat,0.365,0.2764806340231223,1,0.2732120555082506,2,0.2764806340231223,0.24412842747916194
651,5.0,v,0.43499999999999994,0.4223879268833443,1,0.3782121480485463,2,0.4223879268833443,0.1788974557491199
652,10.0,flat,0.555,0.14342813756580708,1,0.0878045087988697,3,0.14342813756580708,0.07008382099410357
653,10.0,v,0.5549999999999999,0.29358086915096304,1,0.11927284475556252,3,0.29358086915096304,0.11601207867557285
654,2.0,flat,0.585,0.2862988716962959,1,0.2355975072300444,1,0.2862988716962959,0.2355975072300444
655,2.0,v,0.485,0.2736332519324537,1,0.25930452606815824,3,0.2736332519324537,0.14180263118212502
656,5.0,flat,0.545,0.3312751622572159,1,0.21794642734642827,1,0.3312751622572159,0.21794642734642827
657,5.0,v,0.525,0.3362175116430472,1,0.39651920952812825,3,0.3362175116430472,0.1875568463526167
658,10.0,flat,0.595,0.28975925738913866,1,0.2010185020944172,1,0.28975925738913866,0.2010185020944172
659,10.0,v,0.545,0.16535528821269385,1,0.10489089311434348,3,0.16535528821269385,0.0220891469781158
660,2.0,flat,0.265,0.14951579519551586,1,0.2285515967752957,1,0.14951579519551586,0.2285515967752957
661,2.0,v,0.525,0.313948328907782,1,0.2265538805754232,3,0.313948328907782,0.20592350086276284
662,5.0,flat,0.515,0.2332645475818974,1,0.15762127871146855,1,0.2332645475818974,0.15762127871146855
663,5.0,v,0.395,0.2058211934429061,1,0.4097941248891516,2,0.2058211934429061,0.15907366747477827
664,10.0,flat,0.5549999999999999,0.06576917944695601,1,0.05121663969499502,3,0.06576917944695601,0.03456186789145155
665,10.0,v,0.385,0.14295412588703388,1,0.27261522715982056,2,0.14295412588703388,0.045266639184024134
666,2.0,flat,0.525,0.2855227048920259,1,0.2272093299554075,1,0.2855227048920259,0.2272093299554075
667,2.0,v,0.575,0.3114256781645776,1,0.21647083079290716,1,0.3114256781645776,0.21647083079290716
668,5.0,flat,0.6050000000000001,0.2327871887923969,1,0.13797592756909974,1,0.2327871887923969,0.13797592756909974
669,5.0,v,0.595,0.31462439563828465,1,0.1462830504838984,3,0.31462439563828465,0.13140821198096164
670,10.0,flat,0.635,0.2891631872267236,1,0.20203713970316295,1,0.2891631872267236,0.20203713970316295
671,10.0,v,0.425,0.1831077735068239,1,0.45206259579436,2,0.1831077735068239,0.0836986693301407
672,2.0,flat,0.5650000000000001,0.2638779841874757,1,0.20885737495416504,1,0.2638779841874757,0.20885737495416504
673,2.0,v,0.43499999999999994,0.2297830061286087,1,0.2497855872645432,3,0.2297830061286087,0.18945128904666214
674,5.0,flat,0.305,0.04640871940650969,1,0.2175858759237901,1,0.04640871940650969,0.2175858759237901
675,5.0,v,0.355,0.14234619334876844,1,0.4034186892123225,2,0.14234619334876844,0.2461097888260427
676,10.0,flat,0.525,0.4063281223977307,1,0.3335699247170406,1,0.4063281223977307,0.3335699247170406
677,10.0,v,0.6950000000000001,0.2352727573107925,1,0.16434340316352133,4,0.2352727573107925,0.09299245000510853
678,2.0,flat,0.255,0.2477045175647877,1,0.3151385946935276,1,0.2477045175647877,0.3151385946935276
679,2.0,v,0.43500000000000005,0.3001383540937537,1,0.28404434494065994,2,0.3001383540937537,0.15533178728396574
680,5.0,flat,0.43500000000000005,0.2143673286509504,1,0.11142641493689197,1,0.2143673286509504,0.11142641493689197
681,5.0,v,0.515,0.2253446792804793,1,0.2398268552802759,3,0.2253446792804793,0.054667775491484966
682,10.0,flat,0.515,0.19610757359259776,1,0.1482310004800815,3,0.19610757359259776,0.11831505062251026
683,10.0,v,0.575,0.2569349879402373,1,0.11589378921664673,3,0.2569349879402373,0.11272540216648802
684,2.0,flat,0.635,0.2980966212185496,1,0.2835034253623125,1,0.2980966212185496,0.2835034253623125
685,2.0,v,0.355,0.32642456365108635,1,0.2758521229550957,2,0.32642456365108635,0.1926291281184441
686,5.0,flat,0.505,0.13510478779594176,1,0.11778891113160295,2,0.13510478779594176,0.09085035165109594
687,5.0,v,0.425,0.4423114145580748,1,0.32635677228259097,1,0.4423114145580748,0.32635677228259097
688,10.0,flat,0.515,0.39994427868824495,1,0.30776587879175843,1,0.39994427868824495,0.30776587879175843
689,10.0,v,0.615,0.3782051986121498,1,0.3027974112130916,1,0.3782051986121498,0.3027974112130916
690,2.0,flat,0.215,0.2194759414305968,1,0.29421881057152544,1,0.2194759414305968,0.29421881057152544
691,2.0,v,0.595,0.21628713870699245,1,0.1601201452201991,3,0.21628713870699245,0.14950889168176726
692,5.0,flat,0.425,0.2629563620894606,1,0.2340324938041319,2,0.2629563620894606,0.1761443834879447
693,5.0,v,0.325,0.2548608304454558,1,0.2429189851924394,1,0.2548608304454558,0.2429189851924394
694,10.0,flat,0.36500000000000005,0.08510995944230829,1,0.20594360991405936,1,0.08510995944230829,0.20594360991405936
695,10.0,v,0.545,0.3273398405194853,1,0.50346439676444,4,0.3273398405194853,0.026159891774797
696,2.0,flat,0.315,0.21900662869258386,1,0.2526246192415509,1,0.21900662869258386,0.2526246192415509
697,2.0,v,0.5549999999999999,0.2875851162769151,1,0.22498073035150626,1,0.2875851162769151,0.22498073035150626
698,5.0,flat,0.29500000000000004,0.14982898696851,1,0.3600015509998313,1,0.14982898696851,0.3600015509998313
699,5.0,v,0.505,0.3380974965745674,1,0.26135445699570065,3,0.3380974965745674,0.09940235659885503
700,10.0,flat,0.5449999999999999,0.38278201560484826,1,0.2856463957753321,1,0.38278201560484826,0.2856463957753321
701,10.0,v,0.43499999999999994,0.38826681445273603,1,0.6353174374986836,2,0.38826681445273603,0.05517451237733305
702,2.0,flat,0.635,0.22732476139695565,1,0.18275330549425411,1,0.22732476139695565,0.18275330549425411
703,2.0,v,0.645,0.2886967965866882,1,0.27239158399555363,1,0.2886967965866882,0.27239158399555363
704,5.0,flat,0.565,0.2819931610770577,1,0.2483256498551147,1,0.2819931610770577,0.2483256498551147
705,5.0,v,0.495,0.18308159202174307,1,0.2330847419809853,3,0.18308159202174307,0.058162238570721024
706,10.0,flat,0.625,0.1790284364210214,1,0.10282571473278627,1,0.1790284364210214,0.10282571473278627
707,10.0,v,0.36500000000000005,0.0016633481949903976,1,0.10171947532248064,1,0.0016633481949903976,0.10171947532248064
708,2.0,flat,0.6449999999999999,0.27918015065736684,1,0.23877062875867594,1,0.27918015065736684,0.23877062875867594
709,2.0,v,0.475,0.2994774105850586,1,0.2443237801924088,2,0.2994774105850586,0.1498701992903952
710,5.0,flat,0.315,0.23534127163119126,1,0.3166949216047177,2,0.23534127163119126,0.31294700469886993
711,5.0,v,0.495,0.2748472086745042,1,0.4291749226144785,3,0.2748472086745042,0.09390076423080328
712,10.0,flat,0.495,0.3942731120702696,1,0.2898438481283987,1,0.3942731120702696,0.2898438481283987
713,10.0,v,0.5449999999999999,0.060345503366457,1,0.2189453975361357,4,0.060345503366457,0.025129703166566892
714,2.0,flat,0.515,0.2710446000479039,1,0.21693778258028495,1,0.2710446000479039,0.21693778258028495
715,2.0,v,0.635,0.2880906801554176,1,0.22462930273327586,1,0.2880906801554176,0.22462930273327586
716,5.0,flat,0.45499999999999996,0.10846782850083224,1,0.1211209787704142,2,0.10846782850083224,0.10897414241657537
717,5.0,v,0.505,0.33288356120113394,1,0.3541303419192517,3,0.33288356120113394,0.1043607046421057
718,10.0,flat,0.475,0.06312956545770285,1,0.1027483523080446,2,0.06312956545770285,0.06112505702905236
719,10.0,v,0.43499999999999994,0.18179110499196616,1,0.6383963011161855,3,0.18179110499196616,0.04673608259307571
720,2.0,flat,0.345,0.2891721010795708,1,0.2568907859543746,2,0.2891721010795708,0.23778803259692724
721,2.0,v,0.43499999999999994,0.36024037752207705,1,0.2336070173395521,1,0.36024037752207705,0.2336070173395521
722,5.0,flat,0.625,0.28727815349914376,1,0.24028499053609306,1,0.28727815349914376,0.24028499053609306
723,5.0,v,0.525,0.4019050276104652,1,0.3829850906667658,1,0.4019050276104652,0.3829850906667658
724,10.0,flat,0.495,0.04338280182922589,1,0.057469273750624585,2,0.04338280182922589,0.03418850576692038
725,10.0,v,0.385,0.3793533175638661,1,0.8191795992561979,2,0.3793533175638661,0.03921468284126446
726,2.0,flat,0.615,0.28244676402022784,1,0.241785749035462,1,0.28244676402022784,0.241785749035462
727,2.0,v,0.395,0.23277483480485603,1,0.2456071118007344,2,0.23277483480485603,0.21502369617378086
728,5.0,flat,0.38499999999999995,0.1929020357730944,1,0.21828221922175675,2,0.1929020357730944,0.16636818013255872
729,5.0,v,0.375,0.2979562004457804,1,0.5108086253138099,2,0.2979562004457804,0.1382099132958104
730,10.0,flat,0.33499999999999996,0.375928083455037,1,0.3139609597325365,1,0.375928083455037,0.3139609597325365
731,10.0,v,0.7649999999999999,0.18959825909537065,1,0.06606284240348129,1,0.18959825909537065,0.06606284240348129
732,2.0,flat,0.655,0.2397312598389813,1,0.20462921852565866,1,0.2397312598389813,0.20462921852565866
733,2.0,v,0.605,0.2937633859671429,1,0.2294772387797409,1,0.2937633859671429,0.2294772387797409
734,5.0,flat,0.675,0.28829134214567564,1,0.21796693287213176,1,0.28829134214567564,0.21796693287213176
735,5.0,v,0.685,0.299050926774518,1,0.2041064283412116,1,0.299050926774518,0.2041064283412116
736,10.0,flat,0.495,0.06801477770591534,1,0.058599954696526686,3,0.06801477770591534,0.03399563513460562
737,10.0,v,0.30500000000000005,0.2752846186534621,1,0.3040218341522733,1,0.2752846186534621,0.3040218341522733
738,2.0,flat,0.5050000000000001,0.30191639946057425,1,0.24843175563234826,1,0.30191639946057425,0.24843175563234826
739,2.0,v,0.705,0.23874471316877385,1,0.1982397891244811,1,0.23874471316877385,0.1982397891244811
740,5.0,flat,0.355,0.11218151219230636,1,0.24192327577120254,1,0.11218151219230636,0.24192327577120254
741,5.0,v,0.5650000000000001,0.2443293336846385,1,0.3013254688500236,3,0.2443293336846385,0.07833609337477368
742,10.0,flat,0.475,0.13818053746122827,1,0.08017473004494496,1,0.13818053746122827,0.08017473004494496
743,10.0,v,0.495,0.10986157893208492,1,0.010743029588405888,1,0.10986157893208492,0.010743029588405888
744,2.0,flat,0.595,0.2513217186758616,1,0.21004112724094254,1,0.2513217186758616,0.21004112724094254
745,2.0,v,0.465,0.2854597507716933,1,0.2804205148871364,3,0.2854597507716933,0.15335006855217842
746,5.0,flat,0.515,0.23127114486227324,1,0.1949134014869743,3,0.23127114486227324,0.1484583536684852
747,5.0,v,0.575,0.3279637029190915,1,0.2411640935893017,1,0.3279637029190915,0.2411640935893017
748,10.0,flat,0.605,0.39924310364118504,1,0.3347242031814366,1,0.39924310364118504,0.3347242031814366
749,10.0,v,0.465,0.14952643411920385,1,0.2764245748584994,2,0.14952643411920385,0.018682233133424292
750,2.0,flat,0.5349999999999999,0.23702225721150674,1,0.21245665079391216,4,0.23702225721150674,0.18963014917594925
751,2.0,v,0.35500000000000004,0.30662171494985235,1,0.257249304271062,2,0.30662171494985235,0.19556823237841167
752,5.0,flat,0.43499999999999994,0.1834574987465316,1,0.24318834677299025,3,0.1834574987465316,0.2004686315632579
753,5.0,v,0.535,0.19815540285602531,1,0.337809198485792,4,0.19815540285602531,0.08867564059302781
754,10.0,flat,0.485,0.3738960994860621,1,0.2171489569276092,1,0.3738960994860621,0.2171489569276092
755,10.0,v,0.575,0.10931574145291999,1,0.08217052562058177,3,0.10931574145291999,0.009861545202619258
756,2.0,flat,0.33499999999999996,0.16073384238426489,1,0.21465085139417706,1,0.16073384238426489,0.21465085139417706
757,2.0,v,0.515,0.28754392931000283,1,0.21489823299852293,1,0.28754392931000283,0.21489823299852293
758,5.0,flat,0.5650000000000001,0.2536330397015793,1,0.16062564907022156,1,0.2536330397015793,0.16062564907022156
759,5.0,v,0.41500000000000004,0.08954803640547826,1,0.2416592686374555,2,0.08954803640547826,0.20557148279849727
760,10.0,flat,0.39499999999999996,0.09212395591521852,1,0.19335947089506364,2,0.09212395591521852,0.11232314628067007
761,10.0,v,0.575,0.22121848154441964,1,0.06545806828635631,1,0.22121848154441964,0.06545806828635631
762,2.0,flat,0.5149999999999999,0.2775912851429321,1,0.23132770629777666,1,0.2775912851429321,0.23132770629777666
763,2.0,v,0.375,0.17141224376940772,1,0.22815286705516255,1,0.17141224376940772,0.22815286705516255
764,5.0,flat,0.335,0.1761184843263483,1,0.2955943633637261,1,0.1761184843263483,0.2955943633637261
765,5.0,v,0.7350000000000001,0.30691142055695325,1,0.26299093792383144,1,0.30691142055695325,0.26299093792383144
766,10.0,flat,0.445,0.026449211600282737,1,0.060333525346431174,2,0.026449211600282737,0.04099831739036492
767,10.0,v,0.575,0.2253391018651909,1,0.07797234937841921,3,0.2253391018651909,0.06292128969747249
768,2.0,flat,0.695,0.2274630023882847,1,0.2113388375606711,1,0.2274630023882847,0.2113388375606711
769,2.0,v,0.535,0.3169947989925969,1,0.2814042395009923,1,0.3169947989925969,0.2814042395009923
770,5.0,flat,0.43499999999999994,0.29965825721743833,1,0.2344053841480461,2,0.29965825721743833,0.20941995403900146
771,5.0,v,0.505,0.28517177802612703,1,0.1405985832559255,2,0.28517177802612703,0.10576175565043837
772,10.0,flat,0.6050000000000001,0.3164956845129344,1,0.2800141797386221,1,0.3164956845129344,0.2800141797386221
773,10.0,v,0.635,0.2134087805413838,1,0.06782159470734551,1,0.2134087805413838,0.06782159470734551
774,2.0,flat,0.28500000000000003,0.1717943051033013,1,0.2477390191684879,1,0.1717943051033013,0.2477390191684879
775,2.0,v,0.325,0.2346541128017729,1,0.28599019973283024,1,0.2346541128017729,0.28599019973283024
776,5.0,flat,0.615,0.2824204466827072,1,0.21518051297846014,1,0.2824204466827072,0.21518051297846014
777,5.0,v,0.45500000000000007,0.3229724261158567,1,0.19566921818617874,2,0.3229724261158567,0.14718725866853133
778,10.0,flat,0.485,0.2318764914844327,1,0.11231804295351816,1,0.2318764914844327,0.11231804295351816
779,10.0,v,0.395,0.010421969572576384,1,0.06545681233359893,2,0.010421969572576384,0.04057760509916843
780,2.0,flat,0.45500000000000007,0.21450258482445733,1,0.1834067398303057,2,0.21450258482445733,0.17533260649031346
781,2.0,v,0.595,0.2787176158871913,1,0.2383134004263319,3,0.2787176158871913,0.21400485563948773
782,5.0,flat,0.545,0.2135239137406384,1,0.14609597874179509,3,0.2135239137406384,0.1210204090447376
783,5.0,v,0.595,0.3414667248056813,1,0.2785949038330218,1,0.3414667248056813,0.2785949038330218
784,10.0,flat,0.4050000000000001,0.4013352754625475,1,0.33020294271321554,1,0.4013352754625475,0.33020294271321554
785,10.0,v,0.275,0.3107539837273823,1,0.3845301674697998,1,0.3107539837273823,0.3845301674697998
786,2.0,flat,0.6050000000000001,0.2519926057985697,1,0.22122143242968428,1,0.2519926057985697,0.22122143242968428
787,2.0,v,0.545,0.2669734414951925,1,0.25817721139749794,3,0.2669734414951925,0.19298266597797611
788,5.0,flat,0.505,0.2928704661803277,1,0.15477773856686738,1,0.2928704661803277,0.15477773856686738
789,5.0,v,0.255,0.11979447517354502,1,0.4339824767692375,1,0.11979447517354502,0.4339824767692375
790,10.0,flat,0.6549999999999999,0.2905669125874077,1,0.2285390233634897,1,0.2905669125874077,0.2285390233634897
791,10.0,v,0.255,0.04951737276204144,1,0.7204048928355651,1,0.04951737276204144,0.7204048928355651
792,2.0,flat,0.375,0.1955112162567495,1,0.2147344072216276,1,0.1955112162567495,0.2147344072216276
793,2.0,v,0.5050000000000001,0.2439576388955795,1,0.2382040609262031,3,0.2439576388955795,0.12970689911923008
794,5.0,flat,0.43499999999999994,0.3804712915065103,1,0.24688470991150666,1,0.3804712915065103,0.24688470991150666
795,5.0,v,0.585,0.2718883462950645,1,0.17080505904126966,3,0.2718883462950645,0.07838289697352804
796,10.0,flat,0.475,0.21713709730343966,1,0.10259558466720543,1,0.21713709730343966,0.10259558466720543
797,10.0,v,0.38500000000000006,0.3855762766097466,1,0.595290571274683,2,0.3855762766097466,0.04849375075378681
798,2.0,flat,0.395,0.21128565506051505,1,0.21027459834951667,2,0.21128565506051505,0.209275646412042
799,2.0,v,0.635,0.2269304076091457,1,0.238766425900022,4,0.2269304076091457,0.14824568043735006
800,5.0,flat,0.5650000000000001,0.29876254590491186,1,0.24428902834298935,1,0.29876254590491186,0.24428902834298935
801,5.0,v,0.625,0.3214227663001148,1,0.31223801885664515,4,0.3214227663001148,0.16844066673734825
802,10.0,flat,0.5349999999999999,0.2262554770407363,1,0.11166599183068668,1,0.2262554770407363,0.11166599183068668
803,10.0,v,0.385,0.02658120553768356,1,0.06314750921853303,2,0.02658120553768356,0.03506518532113696
804,2.0,flat,0.445,0.2988047799848865,1,0.22279120614674527,2,0.2988047799848865,0.2056449581880779
805,2.0,v,0.365,0.2282386205430893,1,0.24813925451820765,2,0.2282386205430893,0.2255079126332076
806,5.0,flat,0.445,0.2038518570132733,1,0.21836090684493484,3,0.2038518570132733,0.20006654230273346
807,5.0,v,0.445,0.2591994483462983,1,0.35033206424965235,3,0.2591994483462983,0.14275586464484585
808,10.0,flat,0.475,0.2253898328369807,1,0.09957792976911108,1,0.2253898328369807,0.09957792976911108
809,10.0,v,0.375,0.10010940329108732,1,0.27269064194892434,2,0.10010940329108732,0.02046583207612884
810,2.0,flat,0.8149999999999998,0.23642078164096325,1,0.2552498877726439,1,0.23642078164096325,0.2552498877726439
811,2.0,v,0.515,0.33880578056565985,1,0.2696471618678309,1,0.33880578056565985,0.2696471618678309
812,5.0,flat,0.335,0.10784495059693082,1,0.17586922712216393,1,0.10784495059693082,0.17586922712216393
813,5.0,v,0.445,0.3798084117327917,1,0.2522345530098546,2,0.3798084117327917,0.14938880937431853
814,10.0,flat,0.475,0.2244869525890836,1,0.10146052770181314,1,0.2244869525890836,0.10146052770181314
815,10.0,v,0.225,0.08071386238268742,1,0.7922938398475321,1,0.08071386238268742,0.7922938398475321
816,2.0,flat,0.36500000000000005,0.26060085650126724,1,0.2575424347361501,2,0.26060085650126724,0.2383912238760029
817,2.0,v,0.605,0.2856897239247823,1,0.22994667365048524,1,0.2856897239247823,0.22994667365048524
818,5.0,flat,0.465,0.26462809764937123,1,0.2132059128165888,1,0.26462809764937123,0.2132059128165888
819,5.0,v,0.38499999999999995,0.20314721314886688,1,0.4419297871293293,2,0.20314721314886688,0.201663095628434
820,10.0,flat,0.445,0.10648438354148383,1,0.053302810987094135,2,0.10648438354148383,0.04196429003657332
821,10.0,v,0.615,0.17643456560908047,1,0.4661890546917581,4,0.17643456560908047,0.031507519215541686
822,2.0,flat,0.525,0.3135182382917854,1,0.2597677328018809,1,0.3135182382917854,0.2597677328018809
823,2.0,v,0.6649999999999999,0.2366833905070662,1,0.2485722133818289,4,0.2366833905070662,0.18202909578999102
824,5.0,flat,0.605,0.303299830712662,1,0.1994952894197382,1,0.303299830712662,0.1994952894197382
825,5.0,v,0.43499999999999994,0.2790702310719794,1,0.3356011904742884,2,0.2790702310719794,0.07649923322424668
826,10.0,flat,0.445,0.026449211600282737,1,0.060333525346431174,2,0.026449211600282737,0.04099831739036492
827,10.0,v,0.605,0.2695658997208351,1,0.10720924039985258,1,0.2695658997208351,0.10720924039985258
828,2.0,flat,0.485,0.27618445286273896,1,0.2204267193592928,3,0.27618445286273896,0.2034624448162456
829,2.0,v,0.44499999999999995,0.3433050312396104,1,0.2662934106288615,2,0.3433050312396104,0.19738215945801876
830,5.0,flat,0.5449999999999999,0.36123995013386295,1,0.24342282709928525,1,0.36123995013386295,0.24342282709928525
831,5.0,v,0.595,0.23002885559704864,1,0.12366000544461278,3,0.23002885559704864,0.09387945487549798
832,10.0,flat,0.5549999999999999,0.10177379086924476,1,0.05871421438822829,3,0.10177379086924476,0.04028876573622664
833,10.0,v,0.485,0.19122538373017084,1,0.5261068253822666,3,0.19122538373017084,0.03275883684584776
834,2.0,flat,0.515,0.3150749333705839,1,0.2326367749199056,1,0.3150749333705839,0.2326367749199056
835,2.0,v,0.425,0.2593772370183897,1,0.3229876656347197,3,0.2593772370183897,0.19146893722332325
836,5.0,flat,0.675,0.2913038687765077,1,0.22904685254683466,1,0.2913038687765077,0.22904685254683466
837,5.0,v,0.41500000000000004,0.3489873999250934,1,0.3609425141164133,2,0.3489873999250934,0.09474818566220042
838,10.0,flat,0.395,0.28172754289769725,1,0.2322148287434542,2,0.28172754289769725,0.2289201820897617
839,10.0,v,0.585,0.3845154306331747,1,0.2792313110458993,1,0.3845154306331747,0.2792313110458993
840,2.0,flat,0.595,0.28056508993450785,1,0.2401740220041756,1,0.28056508993450785,0.2401740220041756
841,2.0,v,0.43499999999999994,0.2778517359443721,1,0.27151855144349385,2,0.2778517359443721,0.15582976488265438
842,5.0,flat,0.5650000000000001,0.424388993973002,1,0.3361399116432438,1,0.424388993973002,0.3361399116432438
843,5.0,v,0.525,0.3161189545771452,1,0.17385523615684811,1,0.3161189545771452,0.17385523615684811
844,10.0,flat,0.265,0.15668711470330876,1,0.5651324578792449,1,0.15668711470330876,0.5651324578792449
845,10.0,v,0.595,0.3067588877391739,1,0.1561936873349493,1,0.3067588877391739,0.1561936873349493
846,2.0,flat,0.45499999999999996,0.2653235282368925,1,0.21549799517072504,2,0.2653235282368925,0.1932628634920766
847,2.0,v,0.6549999999999999,0.2682620120060024,1,0.25809147328753057,1,0.2682620120060024,0.25809147328753057
848,5.0,flat,0.38500000000000006,0.23712074097603755,1,0.2875995753317938,2,0.23712074097603755,0.2370783553981635
849,5.0,v,0.185,0.2362583288660736,1,0.4110549995123732,1,0.2362583288660736,0.4110549995123732
850,10.0,flat,0.465,0.3004626401628861,1,0.34914858988759623,3,0.3004626401628861,0.20255183013450867
851,10.0,v,0.375,0.008473138342816808,1,0.180869850461902,2,0.008473138342816808,0.13088353098256775
852,2.0,flat,0.6050000000000001,0.2343497715679239,1,0.17706288599505773,1,0.2343497715679239,0.17706288599505773
853,2.0,v,0.675,0.2879548554513625,1,0.26932495583187976,1,0.2879548554513625,0.26932495583187976
854,5.0,flat,0.505,0.2429665382579634,1,0.1214854721492334,1,0.2429665382579634,0.1214854721492334
855,5.0,v,0.545,0.2800591886495984,1,0.32238908226925245,3,0.2800591886495984,0.0950066905089217
856,10.0,flat,0.585,0.07347530675014056,1,0.0335864114562311,3,0.07347530675014056,0.02250420692049724
857,10.0,v,0.615,0.3878635047049893,1,0.2957870196797065,1,0.3878635047049893,0.2957870196797065
858,2.0,flat,0.49499999999999994,0.20767844397185636,1,0.20094872832499272,3,0.20767844397185636,0.18600590357390645
859,2.0,v,0.705,0.2618873316502728,1,0.2731685928389824,1,0.2618873316502728,0.2731685928389824
860,5.0,flat,0.31500000000000006,0.07699192017859331,1,0.278542883468861,1,0.07699192017859331,0.278542883468861
861,5.0,v,0.34500000000000003,0.2450717727225253,1,0.4476866973218616,2,0.2450717727225253,0.3210610723988998
862,10.0,flat,0.7649999999999999,0.18959825909537065,1,0.10453596022875844,1,0.18959825909537065,0.10453596022875844
863,10.0,v,0.525,0.293775997792918,1,0.12964572950076178,1,0.293775997792918,0.12964572950076178
864,2.0,flat,0.585,0.22688723132520935,1,0.1848234373938836,3,0.22688723132520935,0.18430435547897514
865,2.0,v,0.645,0.2923965186612029,1,0.2764077776424062,1,0.2923965186612029,0.2764077776424062
866,5.0,flat,0.585,0.3913863224245921,1,0.3089820088618129,1,0.3913863224245921,0.3089820088618129
867,5.0,v,0.575,0.19661880892500352,1,0.18557417097493928,3,0.19661880892500352,0.06727134879849545
868,10.0,flat,0.675,0.29488388468639,1,0.1966330957827544,1,0.29488388468639,0.1966330957827544
869,10.0,v,0.475,0.36962169963081226,1,0.6769548067706674,3,0.36962169963081226,0.06246023628650513
870,2.0,flat,0.615,0.2565873439531354,1,0.21038449103799375,1,0.2565873439531354,0.21038449103799375
871,2.0,v,0.495,0.3255339139520772,1,0.22208740528751494,2,0.3255339139520772,0.1994339513551399
872,5.0,flat,0.525,0.15277697437110774,1,0.12799017150241004,3,0.15277697437110774,0.09748539608891224
873,5.0,v,0.5650000000000001,0.2536330397015793,1,0.1206916960356344,3,0.2536330397015793,0.10632254453716423
874,10.0,flat,0.485,0.3406007163492485,1,0.26411151537750643,3,0.3406007163492485,0.21080858397145172
875,10.0,v,0.7150000000000001,0.10021761708701496,1,0.010621135370567806,1,0.10021761708701496,0.010621135370567806
876,2.0,flat,0.375,0.18929167974205371,1,0.2211973540738226,1,0.18929167974205371,0.2211973540738226
877,2.0,v,0.325,0.2346541128017729,1,0.28599019973283024,1,0.2346541128017729,0.28599019973283024
878,5.0,flat,0.465,0.1244964938417035,1,0.14259705968366082,2,0.1244964938417035,0.12829645572471135
879,5.0,v,0.5349999999999999,0.2291998977271944,1,0.2530401161706661,3,0.2291998977271944,0.09172801271588307
880,10.0,flat,0.40499999999999997,0.04885998319807594,1,0.020527006958800557,1,0.04885998319807594,0.020527006958800557
881,10.0,v,0.345,0.21792212986033094,1,0.5035303309071524,2,0.21792212986033094,0.2589718506575798
882,2.0,flat,0.675,0.26434604020428115,1,0.2370291101590215,1,0.26434604020428115,0.2370291101590215
883,2.0,v,0.44499999999999995,0.3067187827194084,1,0.2271801189502448,1,0.3067187827194084,0.2271801189502448
884,5.0,flat,0.265,0.3209791784810947,1,0.3984975012280852,1,0.3209791784810947,0.3984975012280852
885,5.0,v,0.485,0.2967488847061318,1,0.2716278885803874,2,0.2967488847061318,0.07061556304627045
886,10.0,flat,0.475,0.1657925167178445,1,0.05932758356761676,1,0.1657925167178445,0.05932758356761676
887,10.0,v,0.6950000000000001,0.2751833338437213,1,0.14014359500471024,1,0.2751833338437213,0.14014359500471024
888,2.0,flat,0.6449999999999999,0.2625707069877506,1,0.2194805700814597,1,0.2625707069877506,0.2194805700814597
889,2.0,v,0.5850000000000001,0.2434232620690025,1,0.21208269322043927,3,0.2434232620690025,0.13878771026093942
890,5.0,flat,0.5149999999999999,0.3712007355265081,1,0.19771460750554876,3,0.3712007355265081,0.19638267471250653
891,5.0,v,0.525,0.32940836386894395,1,0.313494911323511,3,0.32940836386894395,0.09238561618336567
892,10.0,flat,0.465,0.18591086483581706,1,0.245983554186472,2,0.18591086483581706,0.1463357653929004
893,10.0,v,0.575,0.338658059770447,1,0.39464312627870624,3,0.338658059770447,0.08829618162593802
894,2.0,flat,0.5449999999999999,0.2655677635728605,1,0.21341443731601967,1,0.2655677635728605,0.21341443731601967
895,2.0,v,0.41500000000000004,0.2364050068652559,1,0.2612656035872899,2,0.2364050068652559,0.17893498604748714
896,5.0,flat,0.37500000000000006,0.267926507779731,1,0.28951065062032993,2,0.267926507779731,0.2386537213768007
897,5.0,v,0.575,0.3009600401607995,1,0.20558506991863207,3,0.3009600401607995,0.15710119244743065
898,10.0,flat,0.505,0.09787058421563273,1,0.0883914516336261,3,0.09787058421563273,0.05883357030466356
899,10.0,v,0.43499999999999994,0.21922890420081845,1,0.25537056410106,2,0.21922890420081845,0.03694063662221243
