gameid,agent1stick,belief,firstStick
9112-e8c4784c-cac5-426a-a4b7-8e0532ae99a2,0.9,0.59,0.9
4011-5c6c1b4c-67f5-4877-9266-e7a899e11b25,0.6,0.34,0.9
2503-37b29c9f-3b57-46fc-bf06-91d69f5f4422,0.9,0.3,0.9
4906-6604696e-f098-4054-a184-c9590fa8cfd9,0.9,0.7,0.8
4543-641fc7a3-8575-48f3-9a5d-ec6b14b19605,0.9,0.79,0.7
6202-a7f94069-5ae9-4f7b-a932-146ecf0a69ea,0.9,0.01,0.8
1933-868a1087-02a9-4d15-8e80-b0eab1814277,0.6,0.38,0.9
6942-65f8febe-b21a-44bd-8053-42704672bedf,0.9,0.9,0.9
1116-c63af696-6e57-4cf2-bd03-e37f52ed3c0f,0.9,0.18,0.9
2327-2fbebf9b-fb5b-455f-9963-766a0f9780d3,0.9,0.68,0.9
1448-2275aa11-12fe-4223-9d2e-d3fb134f5dcb,0.6,0.01,0.9
0623-83a703e8-21f6-458e-90e6-b0d5e3c12511,0.8,0.67,0.9
5845-363a7472-472b-4dde-9abb-73b606610549,0.7,0.54,0.9
6371-e87b6324-691e-44f3-bd72-8702fff483c1,0.8,0.39,0.7
5824-5f475dae-a360-4347-a9cc-eada63a5f128,0.6,0.49,0.9
6048-a12a0563-f026-4c15-8b6b-01719744dc53,0.6,0.34,0.9
4433-a8a0566a-c02b-43c6-adf6-ed305518219a,0.9,0.64,0.7
4416-68aecdb4-a6ca-4fae-ab3c-4c7b2ee66d9d,0.7,0.73,0.9
2191-df3fd644-586b-4778-b59a-95e7ceccf715,0.6,0.5,0.9
4887-e4fa5cf1-3e17-40a3-8ac3-0105bc38306c,0.8,0.66,0.8
5799-4a10f402-21f9-4a57-b684-a5ede0efedb9,0.6,0.17,0.9
7150-84f88c89-9969-400b-8ac2-1edbbb59a439,0.7,0.59,0.9
9236-a752e55a-c741-4f49-9e74-91fc4ce35ec8,0.6,0.33,0.9
6684-f474c806-55d2-4c9e-9029-6a8c13a1ec84,0.6,0.28,0.9
8927-634abed1-df34-49f8-b534-cabe4c2d2813,0.7,0.32,0.8
5531-be7cb86d-0176-4bf7-ba15-8a4a301b6e9a,0.6,0.14,0.8
5967-43775dff-d647-4ab5-8147-167821da7002,0.6,0.79,0.9
1714-210a922e-1696-41b7-a91e-80d248e62c17,0.6,0.39,0.9
4213-ddf6e908-4943-4f50-888a-23bd171d4741,0.7,0.45,0.9
8038-673992b3-aa8e-4856-8c07-3dba12247ab5,0.6,0.22,0.9
0031-818a8dbb-b1f8-4e47-9360-d84652a8ff64,0.9,0.71,0.9
1337-d803d0ec-85e2-4ed4-9462-26319029f64c,0.9,0.16,0.4
3772-bd672b6c-46a8-4b19-be0f-88ca907f28a6,0.6,0.33,0.9
0266-1fad3030-ade6-4555-bf8e-e06b453fadf0,0.6,0.2,0.9
7100-bd383633-569a-4740-9679-97efc13165dd,0.8,0.54,0.9
0707-983b38cc-780a-444d-b001-dbe7011aaa32,0.7,0.45,0.9
4827-300526b0-f738-4ac9-bf96-f6d5f678a1b2,0.8,0.68,0.9
3831-a1e887c1-cb14-4fda-b072-b353a124fc19,0.6,0.08,0.2
0518-6dcb75b3-22f9-47c3-b36a-368bb373652d,0.6,0.67,0.8
4874-2de77e7c-358a-42fd-bf8b-9de6cd61567a,0.6,0.2,0.9
8079-6ea099f8-5a11-4f32-bf9b-f5def468a886,0.6,0.61,0.9
4863-0d7d3ac6-c4f9-4c4a-a45c-f74e15359346,0.6,0.24,0.9
1220-6bae4bc7-2743-4713-a075-602adf2eb900,0.7,0.75,0.8
2449-64e5278e-502c-4539-8286-1aaf6ee938c5,0.6,0.68,0.7
4992-46005ab7-2d2c-467b-b9a3-71bcd196ecd3,0.7,0.77,0.9
0623-bc72d595-eb61-436f-9a0e-24a5f01eb471,0.6,0.36,0.8
8898-7b2a81eb-3c03-423b-bc59-d075804e9d78,0.7,0.3,0.9
7041-1ec00718-9ae0-4302-bad8-3e58a6834a1c,0.9,0.83,0.9
5318-bd956010-bf41-40fd-a5f5-b275d103a581,0.6,0.73,0.7
5954-acf8806b-4eb0-4e3f-84dc-625040d63ad7,0.6,0.01,0.9
0444-aae6de7a-a501-46a5-bc23-8642cb43c100,0.8,0.46,0.9
2886-4bda6d43-0ffa-4a9f-8851-ca175f37c32b,0.8,0.41,0.9
3724-9881678f-9e40-45be-8574-b451cff18efb,0.8,0.19,0.4
2655-cbcea04e-c88a-4381-86ef-75d58b56829a,0.9,0.52,0.8
7812-06f8cec0-89db-4d9c-bd0c-b0438e03ace7,0.6,0.61,0.9
4505-22360a5e-bd07-4d7c-bf30-8befbddc8b56,0.6,0.88,0.9
8764-ca4915c5-697c-4f82-aed1-9c825d38407d,0.6,0.16,0.9
4382-7245308e-5311-41e3-8c1c-b27a6eda9e1c,0.6,0.11,0.9
1034-6e57052d-3a07-4a2b-bf3f-45ad7528562a,0.6,0.66,0.9
1369-c1ea1b1f-ff78-43d5-b068-099a3ee64b2d,0.6,0.31,0.8
1098-352c1807-b4b2-4f8c-8f50-b89bbaef59ab,0.9,0.83,0.9
4464-f6976843-177c-472a-b35e-93f0dd2dbf66,0.9,0.7,0.8
5766-96b848b5-652e-4f49-8de1-e86ef7cd5b85,0.6,0.4,0.9
9784-b68a800c-7a6e-431b-b313-d9cca3bdfbbb,0.7,0.55,0.9
7057-c3d71076-2433-49a8-9538-c5c1bbad9cd0,0.8,0.58,0.9
2685-f630d7e0-f1e4-4d4c-8767-79d4acb769d0,0.9,0.4,0.9
0112-a5d927ee-d072-4989-b7b9-779f51d515b1,0.8,0.24,0.9
4573-b73edf7f-2ea7-4e2e-91ce-b3cfa92ce691,0.9,0.73,0.9
0741-13f33a2d-922f-4578-960c-5990f9229673,0.7,0.41,0.9
6348-d568dbff-61da-4286-ab18-99f32c1f3be1,0.8,0.34,0.8
9438-5af2784c-8b5d-4ed9-8786-4926f822425b,0.6,0.86,0.7
8960-c42092a9-7550-4031-8cf1-76c2ddd43617,0.8,0.65,0.9
6222-4c39375c-c42e-4d14-991c-8dfae521e756,0.8,0.52,0.9
9794-e6dc2620-8d76-4743-95c9-842f11dc44b1,0.6,0.75,0.9
8505-88403929-f9ca-4022-bfd5-6aa4f06a097b,0.8,0.8,0.7
8019-f9a08b44-2830-4335-8a00-f747cb552052,0.6,0.14,0.9
9595-968f4060-1fbb-4a4d-ab0c-83fbe601fe4e,0.7,0.63,0.8
0134-4b9814eb-b167-4359-bdfc-b113def0763d,0.7,0.99,0.9
6569-5d81556f-9faa-449a-b483-e8407d72a412,0.6,0.44,0.9
7057-b5c2cb46-17bb-4aea-a287-f57f4ea9c11f,0.7,0.65,0.4
8698-601d6fc9-6b03-4374-81a5-df9053085f3f,0.6,0.52,0.9
7396-92533cb4-377c-4ac3-a37c-07fa4f6d659e,0.6,0.25,0.9
8624-5b4e31c9-aa9f-48d0-8ad2-1a3dd389afef,0.7,0.6,0.9
8657-56e5ee6c-8152-472c-8c8e-6ea87660111f,0.6,0.56,0.9
0390-e7267f4e-f10c-42c2-955e-1b6c4b2f5ec2,0.6,0.26,0.9
8766-d3c613d5-098e-46d2-8030-cc1f472fe3e5,0.6,0.59,0.9
7888-329df83f-c095-46a5-962c-98adf5b008ef,0.9,0.67,0.4
5008-8c4ac2db-af38-4239-b127-34e717e5e7ca,0.6,0.35,0.9
0780-27dbf3f4-c4cd-43c7-8390-48fc5348a156,0.9,0.67,0.9
6532-e77ac720-3bdd-4b96-9f21-45ae6e9323b4,0.6,0.95,0.4
6202-bdf002ae-853b-4b19-bcff-3b65a1918d0a,0.9,0.83,0.9
6595-3fda5307-1a9c-40e2-9d7a-b908a5dcd2f9,0.6,0.19,0.9
0090-b94f152b-39df-40e5-aabb-15f4cec80752,0.6,0.33,0.9
1814-f0788c58-3cc5-4a85-a5b2-9e3b38d8a316,0.8,0.58,0.9
1561-58c6018b-7bdb-4aee-b934-dfc9dee98cc8,0.6,0.42,0.4
5500-3cbe7e04-f188-4f74-8865-587712644307,0.6,0.33,0.7
0041-2721aaee-107c-4e07-bcb9-43489c6921ba,0.6,0.35,0.9
0897-cffb37cf-534c-4484-b592-d8010eaaf135,0.6,0.92,0.8
5641-7be8548f-200a-4ed0-8518-402f657a9b60,0.6,0.53,0.9
7619-a4088a86-ba1a-4531-b88a-33325c8909f3,0.9,0.49,0.9
8642-2b535cca-f4ad-4c43-a633-2319bcb3a74b,0.8,0.38,0.9
7340-661931b4-383f-4606-a0af-12e8c6f64105,0.8,0.44,0.8
5361-66603182-186b-41f9-bb0f-f1803c65fc54,0.9,0.9,0.8
5596-f8e78ac6-2828-488c-ab09-f35434d60683,0.8,0.7,0.9
4815-bb561b7e-7f05-476c-b2b7-a8c89f9d7860,0.6,0.24,0.8
3819-f7237bf1-8427-4c84-92dd-88c731b47e85,0.6,0.16,0.9
7936-62328139-1878-4ff5-a2b5-c9bde8e06eb2,0.9,0.62,0.9
3498-d59c35a5-c702-4a92-9f2b-8b932bf914f9,0.9,0.76,0.4
3353-cde8fcdd-236e-48e7-9b16-81c628948c48,0.6,0.23,0.9
9433-8b911525-9d8c-4a9a-acdb-fe2dc910f090,0.7,0.49,0.9
4877-bf5c3ef7-3cbf-4160-9ca3-bd0460596d3f,0.9,0.83,0.9
6587-6c3a3ae7-45c2-4343-9025-34b8da3f42e9,0.6,0.22,0.9
8252-223b100d-ab07-4bf1-acd2-a4dd665cfee6,0.6,0.3,0.9
3142-0936378c-56e3-41a3-b91b-6e93ce004e1f,0.7,0.58,0.9
6344-308e1d80-25b0-4cf8-b779-05bf34c25c62,0.6,0.43,0.9
4622-ff47ebc5-9351-4709-b75a-947daf8d2dec,0.6,0.44,0.9
0922-52740a36-e1ef-452f-a262-a7ee2a9c7863,0.6,0.32,0.9
6784-1882687b-9e6e-44aa-a1e2-ad0e92d38821,0.7,0.47,0.9
4081-35ec651d-0203-49c3-a583-b614724b35a3,0.7,0.4,0.8
9163-8c47ae47-7ce3-408a-bb7c-7dc142bb48f1,0.9,0.99,0.8
5343-82bf46ed-3714-4f8a-be59-1b0129d61ecc,0.6,0.3,0.9
6315-de42d04e-dfae-4887-b2f8-08f409f6969f,0.6,0.4,0.9
7218-3bfe5673-5793-4869-bfb6-35149f627fac,0.6,0.16,0.9
2981-e724ff37-eef9-4133-b460-16d9e433aefd,0.6,0.01,0.9
4652-b21c635a-b09a-4a44-9962-6e598595829f,0.7,0.3,0.9
1767-256c62a2-a25b-46aa-9263-a1da210afc8b,0.8,0.65,0.9
8483-02815f5d-38f1-4b46-a731-424d8c847215,0.9,0.63,0.9
3620-802966bb-2cdb-4509-bce9-0266636397cd,0.6,0.27,0.9
0593-1fb5268f-32ed-4b0d-9b4a-cfeb5cc9d5ff,0.8,0.64,0.9
9435-45c6f781-6144-4d34-b7da-0f22330bf13a,0.6,0.26,0.8
8992-e48bc2d2-21e5-4005-a9e6-92c604916a62,0.6,0.4,0.7
6220-8c8311c9-506f-4a51-818a-9b354c6d55bd,0.9,0.7,0.8
4837-f7a77931-670e-4b77-a071-437003c4742e,0.6,0.25,0.9
7013-0aac3d54-e921-4a56-99f7-209857a5a4f3,0.6,0.74,0.9
9312-452280d1-aef0-4db8-bff1-f6b3590e7d1f,0.6,0.19,0.9
0529-b1cd543c-188e-4304-b79b-5a390a65a1f6,0.9,0.85,0.9
0543-0157920a-5424-4e09-adf5-cc1b54b3356e,0.9,0.89,0.9
7470-3c2d4fcf-3c5b-4466-9af4-24c482f9428d,0.9,0.8,0.9
2781-102436e5-1228-4cf3-a9fe-23268e3282c8,0.6,0.19,0.2
9271-76a92377-4faa-480d-afb1-5dc376625512,0.6,0.37,0.7
5187-d46b6446-cae3-4fc5-91b8-b771901b08a1,0.8,0.03,0.9
6897-bc19cbab-944e-46c3-b3ef-68c065f45a8f,0.9,0.61,0.9
8312-fb30d22f-ba13-4db2-86db-42079eb0d5cc,0.9,0.59,0.9
7773-9ed0051e-8d3c-42fd-a563-fd7af9693162,0.6,0.3,0.9
1683-253bdbd7-2c28-4be1-b55a-e14ec896a576,0.6,0.59,0.9
9551-98854771-d595-4a1f-8ddc-8e60d6b1a597,0.8,0.58,0.9
1061-6a606c7d-3ac2-4f1d-a31a-fab24ff99f6b,0.8,0.76,0.9
0403-40c7f691-37df-47d4-a08d-503f01159565,0.7,0.33,0.8
2535-4d7e0583-ce66-462a-b918-e70dfc5725f3,0.8,0.82,0.2
2151-9aa419c8-7af6-41ef-90c8-0d0fb0329740,0.8,0.8,0.7
9499-174bafad-72c9-4e50-82e7-2a1d42ba7667,0.6,0.04,0.9
4256-ca0c0a18-4609-47d3-b1cc-27ca30e3c005,0.8,0.64,0.9
5417-3ad0d956-8ac3-476e-9dbe-b7733d546cfa,0.6,0.61,0.8
4190-b065a9d2-a723-47e1-9798-4358f84c7c7c,0.6,0.28,0.9
5374-dc628fcd-ea05-4856-bd85-16aae245ab96,0.6,0.35,0.9
7940-41f3bfdb-dca0-4999-be89-15fd2fec46f4,0.6,0.38,0.8
1676-30b12e0f-f917-4152-b704-800be116f230,0.7,0.01,0.8
5285-a00b92f0-26b2-4f58-8d91-cf8450be90a7,0.9,0.57,0.9
6801-e64a285a-5817-470a-82bf-8beaa1e2c9bb,0.9,0.65,0.9
4803-ebd41209-b2af-4a14-9331-27d2d1426552,0.9,0.86,0.4
0873-14a05430-059a-424d-aab6-0a4518be37c0,0.9,0.54,0.9
8015-5ebfb26c-0d5a-44f0-b026-cf870b8af196,0.9,0.74,0.2
5502-44500f5b-edf7-4ce3-b729-3b6cf8da1991,0.6,0.99,0.7
3802-c1480257-cb27-4e27-8d90-822442ae2511,0.6,0.61,0.4
1557-ba36d1d5-18ba-4be2-ac5a-f6a6e45f3732,0.6,0.51,0.8
0464-cbea41f1-4476-4e7d-acf0-e6d7cdbd9165,0.6,0.51,0.9
3702-b93ad976-c8ee-4504-99e7-018606be169f,0.7,0.16,0.9
7560-ab988b0d-9e16-4cab-90d3-15dcf9a6934b,0.6,0.75,0.7
4078-47d38291-d7ff-4e99-877a-e587abb773a2,0.6,0.69,0.9
2140-fd1ef7dd-5a1a-4760-90fd-e175f6bd3dfc,0.6,0.95,0.4
7600-bbe840f1-cf8f-4d2a-80cd-13cddd14cab5,0.6,0.11,0.9
6586-6d514a30-8801-4ef8-b041-4382695e0888,0.9,0.17,0.9
7738-823528ae-5412-4e55-9824-df03af52db7f,0.7,0.66,0.9
7538-044ad90d-e99e-468c-8dbc-2b1993e3dc10,0.9,0.8,0.8
8579-c4622a3a-72fa-4624-82c1-76e4af03a62a,0.6,0.3,0.9
6553-7f2fa567-7bb5-48f5-bf32-b27d229b7cfe,0.6,0.57,0.9
6631-856e3816-c4e0-4023-91d2-07ef882650b7,0.8,0.4,0.7
0510-c219317e-a41e-428f-83ed-e34ece325bdc,0.9,0.7,0.9
7736-4e664e5a-0947-4c97-91b6-ed34bf52c470,0.6,0.24,0.9
9164-7e9269a1-0257-4dd4-bf03-0ab9fb3df287,0.7,0.6,0.7
9383-0f24cddf-6bc8-4438-bfd0-5dc4ae4d6bae,0.6,0.76,0.9
9380-ee7c8019-9312-455b-b387-f367fbff427b,0.6,0.54,0.9
6327-e57b2613-1adb-4a24-b309-3e1ab7663fcd,0.6,0.11,0.8
8082-f817b933-f42e-4909-b988-4e28d052ca9c,0.8,0.3,0.9
5137-69813509-02be-4a76-891c-dd8ae2d8bc40,0.8,0.55,0.9
7762-057adc2e-7425-4777-a962-db2774e923b0,0.7,0.66,0.9
1487-ddd2715d-c06b-41b7-87f6-defae380fa07,0.6,0.47,0.8
7528-ed2e2092-725e-4327-ae0a-b6f180f63c3c,0.8,0.25,0.9
9143-f4829390-f3b1-43ea-916c-d5a806241b6c,0.6,0.39,0.8
6200-b588a057-fad4-4913-992d-1642ca2ac784,0.6,0.28,0.9
1909-920b9c40-d8a6-42da-9d52-f6bc26ca8310,0.6,0.55,0.8
9480-2e14ae97-c7d3-4e15-958a-59a445c6de21,0.9,0.9,0.9
5398-cffa1046-5c19-44a5-9639-d8de6dc9a046,0.9,0.68,0.9
1925-b73b2c5c-48f7-477a-af59-89501e74fe4c,0.6,0.34,0.9
6310-730e1484-af77-44ee-8b52-3166a478ab2e,0.8,0.55,0.9
8789-bb571dbf-6c16-4474-a496-4d588e856c09,0.8,0.71,0.9
9008-6d93b4b7-2e2c-44f1-848c-e942bf2650b7,0.9,0.38,0.8
1701-db5c8c8d-3a89-4cc1-ab27-a1dff4cca1d8,0.8,0.58,0.8
5968-1025540e-8d72-4519-890e-507e0bdce8dc,0.9,0.82,0.9
6518-2b980723-1979-4bf0-8c07-463493b83fba,0.9,0.62,0.2
1828-0580541a-8621-4cee-8123-fb6403321b46,0.8,0.76,0.9
3830-45f0b49d-0b92-4c4b-92ca-2ed7b0714d05,0.6,0.01,0.9
5903-549e597a-571a-48d2-a753-1ff8e842d3af,0.6,0.22,0.9
9701-4f296bb8-6442-4686-bf87-c27397753b64,0.6,0.01,0.9
5422-94f07fed-ff74-44af-a233-a5f4c7cd6557,0.6,0.06,0.9
6840-838dd5ed-3864-4461-96ba-7ae353451579,0.6,0.37,0.9
4987-a956d750-6d1c-4e37-aa82-faf36c7db468,0.6,0.14,0.9
0444-c6675415-7163-48f3-a2eb-d3a6a04be104,0.6,0.37,0.9
0550-eea7d90c-db7f-4831-82e8-beda0e64d46f,0.6,0.33,0.9
0374-c885a956-c468-428e-a0d1-03a69c7247cb,0.9,0.99,0.9
4087-a998bdc3-4309-42bf-b94c-2a90134ff76d,0.8,0.33,0.7
7408-285cff5d-0baf-457e-b420-dc278aad3443,0.6,0.24,0.9
8269-ddf5b70b-eb6c-4d71-b3b2-b72f33cd133a,0.6,0.56,0.8
9872-21627f68-fe2b-413c-aed5-e9c44f714c64,0.8,0.99,0.9
6990-b5c6e2e4-2308-429a-9e7d-11bbb9e49c41,0.6,0.3,0.9
9567-1ccca77e-7ae3-4e05-9f9e-6c1af5da0aba,0.6,0.21,0.9
3251-b7ecdb82-2290-484a-bd2d-9e01d6c1c260,0.6,0.51,0.9
8946-479949bc-3b56-457b-ac3b-6403ad145c21,0.9,0.77,0.7
6256-2fd9eecf-c61c-49d7-9cdc-2b3f851579b7,0.6,0.66,0.7
5863-57a0ab7f-721d-4ee8-99e8-b87e18e4261f,0.6,0.13,0.9
0956-2c0ca7e4-d25c-47ca-ba1f-f73e42e70032,0.6,0.26,0.8
8013-25dfbc77-31cb-4258-a42c-2847f5db5f2c,0.6,0.6,0.9
7385-a9d03837-64ce-4772-9af8-be518270fa0d,0.6,0.59,0.9
2863-5f4cc428-8688-462f-81ba-64cd8ae890c3,0.6,0.33,0.9
7490-6b9eb6a3-5d20-421c-b9b0-d9076f9d4de1,0.9,0.59,0.9
7309-ee57c29f-69c7-427d-b65c-7ce04e76a3d3,0.6,0.21,0.7
1059-25360900-a380-4d5b-928e-0dad5536fbab,0.6,0.63,0.2
0366-5d8579ec-fca5-4312-9f09-ac39075bf9f7,0.9,0.75,0.9
1292-e37aaf0e-2d86-4cbd-870b-7f1fc18a4e90,0.6,0.66,0.9
7607-1dfa5ea8-728c-4251-bfe9-6de55e31facb,0.7,0.8,0.2
7838-b5633858-3e11-45d1-ac93-86021fedd84b,0.7,0.74,0.4
9166-61e7f81b-eb8d-4b7e-a310-b9cea5a1fe13,0.6,0.01,0.9
8521-5666e636-af3e-481b-95c8-20620b524834,0.6,0.01,0.9
0874-2d697b1b-a36f-47fc-8436-976185a4bdf6,0.9,0.76,0.7
9580-a40bbb9f-a369-4159-80eb-b4824d8f05ec,0.6,0.53,0.9
1642-a0ebcc1d-a31d-4e1a-a117-9a8c0a7b9075,0.6,0.54,0.7
2738-3a6f0efa-769c-4f83-95d5-034f530a044b,0.8,0.83,0.8
4476-8cdd161e-c986-4feb-9cae-107714e1e18d,0.6,0.66,0.9
7951-65a96405-cbda-4b47-9075-c39cfa0c8eb0,0.6,0.28,0.9
5601-6dee28cc-b989-48f6-b80a-8daaed24878d,0.7,0.44,0.9
0091-0f8135c2-344a-4cdb-8ac1-cfcdc182b9d3,0.6,0.22,0.9
2500-e72179ec-b16c-4283-8b14-e36d870f8f55,0.6,0.31,0.9
2061-e8bdb708-14a4-454b-9cf5-9d19a00c56af,0.6,0.29,0.9
2894-34b48183-b1a7-4864-beb5-32da8234f733,0.7,0.56,0.8
0080-a134d825-da2e-444d-ac83-bb5a0b7c0de2,0.6,0.65,0.9
6638-b0a70d21-26b2-486c-beb4-dbf987c2ea88,0.8,0.74,0.9
6305-1a58ffb1-82f6-43b7-a9c0-400acfcce7ac,0.8,0.5,0.9
3405-08468b33-dfcd-45c1-b868-19cbc5a60802,0.6,0.59,0.9
1537-058ad366-df0a-4f52-ba02-734e9f2ff235,0.6,0.59,0.9
7830-95def5a2-3abf-4796-ab20-edc5d501ca4b,0.6,0.87,0.9
2387-dbebf542-9bec-4302-9a8e-9a0d5f748dde,0.7,0.66,0.8
6929-2df0df64-9977-4b34-8d55-d7c70ca28766,0.7,0.19,0.9
5172-95abab8a-2ae0-482a-b79a-8cbef7c183ab,0.9,0.82,0.9
3716-2271e527-d147-454a-a4ce-956e36f4f625,0.6,0.6,0.8
6779-523a6c5c-5ef1-44ad-b609-ed8f98280c11,0.8,0.69,0.7
1866-1de6c707-dea0-427d-aeae-ac14fd4c23aa,0.6,0.54,0.8
1973-9f5b20f6-9bdf-47b3-bf07-df817d2d2b4e,0.8,0.64,0.4
1026-78b38553-9461-4920-8f7d-898762c12315,0.8,0.59,0.2
7192-a36a1e26-69f1-4af5-877f-5cd700e34947,0.9,0.49,0.8
7741-fa849ab2-c1ea-48af-841d-80356cd2c71c,0.6,0.75,0.9
0472-29049acf-4193-40a8-9231-eb3e2b22b385,0.6,0.3,0.9
5677-8f58364a-6af1-4339-84dd-10647a548e20,0.8,0.27,0.9
5666-0f63c4af-e924-4e96-9157-bf6320ba7e1b,0.8,0.66,0.8
9133-04b10783-10b9-40e8-8ee6-459c8bcb6d4c,0.9,0.57,0.9
7845-142364a4-723b-4390-b2ee-b11365d2ab6e,0.9,0.79,0.9
3739-96968638-a605-426c-95c2-19ed7d416a4d,0.6,0.1,0.9
8935-07707096-2990-4be0-8aaa-c9489753146d,0.8,0.69,0.8
7361-1c8bdcbb-87ba-4cfc-adb5-61ec6dc77640,0.6,0.26,0.9
1289-b5d1339d-4307-49df-bd58-d954cabaf2a6,0.7,0.55,0.9
8687-6a6f7061-e54a-49ab-833f-be89bab14c27,0.6,0.31,0.9
4700-cf4082f8-d047-4de4-895f-57bcdd59f5af,0.9,0.74,0.9
2811-7ec74d0a-5462-4575-9a1d-8c7c7d33a325,0.6,0.42,0.9
5865-8275aca0-6766-4385-b32c-841407cdd690,0.6,0.56,0.8
6736-48c40cd4-122b-4337-841d-8fe98522b946,0.9,0.66,0.9
3562-dc248329-cea4-4221-a794-82396825f339,0.9,0.62,0.9
4738-e9a4722d-2735-46c5-b626-23ef804bbe41,0.8,0.57,0.9
5610-f7a31116-f8c2-4068-a256-0d1052307d43,0.6,0.73,0.2
4565-366d27e2-5617-4689-9396-8b6560f65fb0,0.6,0.01,0.8
3472-68810cad-ca4a-4ff1-95f9-a8bca5cf3a47,0.7,0.47,0.9
1719-3cbf76fa-183d-4e4c-ab0a-8566cff047b4,0.6,0.29,0.7
0060-da319994-0e8c-4a0f-bf39-d50f8508a954,0.7,0.7,0.9
0389-6e748094-3512-4147-aaed-83f13eeda9cb,0.8,0.99,0.2
8255-0e1b342d-b101-41f1-a83e-8c32954fd886,0.9,0.65,0.8
6275-c981f84b-b8e1-4071-bd15-53e8827bc8c9,0.6,0.34,0.9
9820-60710b2f-4454-4534-b52f-cf73bc11127f,0.6,0.19,0.8
0463-bfb5e44a-8138-4829-abab-d759e96ce2e4,0.7,0.54,0.9
1174-add1d99b-d17c-40c0-830d-ab65a64a31fe,0.6,0.27,0.9
1465-d0439fd8-ecc1-49e4-9a7f-40eb910bafd5,0.6,0.25,0.9
6804-e36bcc2f-3dd1-4ebd-91a1-5d5f75b9e210,0.6,0.36,0.9
5604-686ed332-5d95-4af3-88b0-ad9823410c47,0.8,0.29,0.8
8166-722c7109-bda1-453f-97f9-70923fcffb85,0.6,0.17,0.9
6959-1aa0f11d-fbdc-49d2-a9c8-f3d363ef1c4a,0.6,0.22,0.9
5286-cdd89152-1fb8-4bbb-8b13-1fd7491f0ec3,0.6,0.77,0.8
3515-b72da6d6-7c3b-400a-a52b-ef3a89970174,0.7,0.37,0.9
9444-a738ddba-0ca0-41fb-a792-1b772725f582,0.8,0.72,0.9
7838-8b9307b9-368b-4d64-9e76-1a78fe1c9f74,0.6,0.67,0.2
5044-faef6a42-3ad3-4318-b64d-f56b7e47c6a2,0.6,0.15,0.9
8652-9b60bc28-2cb4-4654-a4b1-cf06df59f133,0.7,0.68,0.8
3941-39be7583-5dd7-45ae-bf60-c0dcef4197db,0.6,0.36,0.9
0668-ea31b9ae-4f5d-43b9-8769-e5c324a5c5c8,0.6,0.14,0.9
0345-5910e43b-f9f5-4f75-8fdc-74e2e945acd5,0.6,0.33,0.8
6017-7d144b8e-b4f1-494c-94fb-b06c8ef915f1,0.7,0.47,0.8
5134-da06edb2-4a0e-4b78-8c0b-2ef9a0dda98a,0.6,0.37,0.9
5603-e0dee7d2-2e85-4d07-ba56-efa629f8a9bd,0.6,0.37,0.9
5795-2ed3b60b-a71b-4b80-b64b-58623228e19d,0.9,0.84,0.9
6291-5443376e-5257-48f6-87c0-3511ec0a8972,0.7,0.18,0.8
5135-9c6b60cf-10b9-401b-8be3-31dcc02bf8cb,0.9,0.74,0.9
7850-15b6af2d-bb14-4715-a3ef-b6727973268d,0.6,0.65,0.8
7942-6e99ea9e-85bb-4d95-9656-be14c46c0726,0.6,0.58,0.9
1275-481ecba9-5b6f-4757-8263-c0d7dc7d7265,0.6,0.66,0.8
2616-b543f00d-9d0b-4c99-b8e7-01d7797419cc,0.9,0.33,0.4
9323-9ab7bcac-2ddb-46c6-83a7-5a4ffb27dfea,0.9,0.26,0.4
6042-abd9a0a5-63b8-4b25-9d4e-6e41eedd67eb,0.6,0.23,0.9
8534-2748553a-6e5d-4fcb-8290-3d5e0ca0732f,0.8,0.64,0.4
0068-92568d7f-a4db-47d8-a586-08e51d232844,0.6,0.07,0.9
0889-b6ad9141-902b-4283-b8cf-07b1a5156b90,0.8,0.9,0.9
6987-56422a2a-1a5c-49b1-90de-71357a08dad4,0.9,0.39,0.8
6615-8a78fd06-4783-4e3f-8491-6375275fcf02,0.6,0.21,0.9
8845-8cb5137e-025f-4a37-9f45-28ee354d87fa,0.6,0.45,0.7
4324-d78056c0-ccda-4d27-976f-e37353585a26,0.7,0.67,0.8
7775-896ce85b-7660-49f4-a05f-53dc33004ac1,0.6,0.01,0.9
0978-5a856a7a-ec8a-4315-8b9e-e8e135636f3d,0.9,0.28,0.8
9476-9e1add80-de6c-426a-9fc5-afe78ba0566a,0.9,0.19,0.9
4458-f16549c8-42b3-4fdd-8bad-56abbd9edd09,0.6,0.63,0.9
6770-adcdc1bc-54fe-439b-a0bc-fa5262e14c95,0.8,0.59,0.9
6864-87817dc6-264f-4b80-a4af-a3a5b5ce4d16,0.6,0.59,0.9
0437-525dc95b-5460-4e0d-a5a5-609b1271781d,0.7,0.66,0.8
6867-efa97466-e70b-42d9-a0a3-9351949acd96,0.8,0.65,0.9
9464-87a89898-9bc6-400c-b3b6-40dc832ef60e,0.7,0.6,0.9
0746-4ec89e39-cf28-485a-b826-c6b6a80da500,0.6,0.39,0.9
9738-dfdfa836-038e-4a44-9938-44b6c9bf1c38,0.7,0.59,0.7
7830-f3a4711c-cb6c-4b7d-add2-051f4c06d439,0.8,0.6,0.9
7513-794bff67-1f58-4daa-b6fe-fbe34f76b033,0.6,0.3,0.9
5490-1e0d1c05-3868-43c7-b0ca-2d8c208fa41a,0.6,0.01,0.9
7480-e5489931-7b3b-442d-ae01-93fc4dc664a7,0.7,0.4,0.7
5752-8f158c4b-532f-4671-ac0e-feb793ebe5cc,0.6,0.31,0.9
2743-e0692037-95d0-4e3e-aed8-ca6eb36354bd,0.6,0.36,0.4
7374-700168d6-8e43-4ebc-9244-2ef097128732,0.6,0.15,0.9
6411-e78a41e0-576a-4e1b-9d52-e7ee78a0e032,0.7,0.23,0.7
3610-209e4f43-83cf-432e-8d94-ab88ee32399e,0.8,0.15,0.8
7099-1e6bf944-9c29-4512-8b99-94eafc9d848c,0.6,0.17,0.9
9973-829ee48f-4619-42b0-9cdc-9a6c7e59a476,0.6,0.42,0.9
8402-95f33d93-1403-424e-b08d-57dd60aea441,0.6,0.42,0.9
9630-f2178cf3-4633-43aa-8668-ef5a57aba42e,0.6,0.17,0.9
1492-f5aecc2d-f1fe-446c-b9c3-357c431845ad,0.8,0.52,0.9
5337-1dcc7a2b-6633-4b08-9bc9-c2efa1562010,0.6,0.19,0.9
7232-bd5a374d-2d0a-4aa1-b88c-c6a886c41a8a,0.9,0.51,0.9
2704-97edec27-2c2d-4146-afa5-fe5dd679f0d6,0.9,0.59,0.9
5163-76d87d63-ad31-42b9-833d-633581145b32,0.9,0.56,0.9
9684-b48ca6a3-9534-494c-a7dd-590351e5b5f0,0.6,0.8,0.7
1605-a2230e30-f79f-4588-9a82-d3ee2395fe24,0.7,0.74,0.9
6612-4a7ccc8b-99df-4905-a9d3-4132d10541c8,0.9,0.59,0.9
0244-890f490f-618f-4280-bd6c-0decd39c7cc4,0.6,0.59,0.9
0786-ae4d77cd-a538-45fd-87fc-a04ec77b59e6,0.8,0.21,0.9
5003-508b94e9-7f27-4e9b-ae3b-0c0c65c30507,0.8,0.88,0.2
3932-eb490060-c09e-4d0e-95dc-cde6b62fe294,0.8,0.44,0.9
3628-7374a956-ce46-46a7-9cb7-4e7d6d641321,0.6,0.15,0.9
5486-82258947-6c18-4b27-a5a4-c5557f89966c,0.9,0.98,0.2
3668-9519669a-4dd1-4051-af59-f32fca4ae43e,0.7,0.46,0.9
2392-b80001ef-a4b2-4f64-ab75-a88e61978872,0.8,0.64,0.8
6814-c5064da2-6e8f-4c5f-af44-e6b77ec716d9,0.6,0.65,0.8
7888-689b3686-2e5a-44ca-9323-1e2ce4b75362,0.7,0.79,0.9
8741-2c99de82-41e1-4498-9bfc-6a839c9986c4,0.6,0.53,0.9
8209-2a53cab5-9df2-4a14-b387-29a2897a1704,0.6,0.56,0.9
2523-fd7c03bd-eccb-4394-b8b5-580efbad9b54,0.6,0.33,0.9
2886-e8388c5d-d1d7-43cd-8dee-7b72fc5a2e69,0.6,0.31,0.9
3428-1446af3e-219f-48f0-814b-181a00d8ce9e,0.6,0.37,0.9
9452-c88f0dc8-3be0-4721-9025-24c73bcc17b6,0.6,0.99,0.8
0982-e9cf6855-bebb-4596-bdce-b57d0cd23abc,0.9,0.78,0.7
0648-33c37bfd-8b95-46c3-9317-94d8bcba69b5,0.6,0.41,0.9
1553-2700a08b-732a-4ea9-8746-43644913fb3d,0.6,0.37,0.4
9216-fffad62e-24ad-464b-9971-d10be2c59cb6,0.7,0.01,0.9
9001-6f41bbb7-a459-468c-853c-19998a2b7b14,0.6,0.53,0.9
7910-348991c0-bd78-4fb6-81f5-d40aba3f1b7f,0.6,0.38,0.8
6242-08c15a8c-e2e3-480d-b9f1-76f852d778ad,0.6,0.89,0.8
8437-c17fb545-1b81-4891-b62a-aa609af74908,0.9,0.68,0.9
2352-7106ef46-e674-400b-8130-222105ced65b,0.6,0.66,0.8
8590-e6975b58-4f58-4208-bf34-6cc01d435f48,0.8,0.06,0.9
2540-56856978-ff21-44a3-b0e8-04be610ddcad,0.6,0.16,0.9
0101-a0fd5c87-3631-4476-bcf0-7e975efe99fb,0.6,0.4,0.8
2263-085c59c3-41b6-4a5f-80ae-6c2a079e25f6,0.7,0.38,0.9
6743-13abc93e-8d40-47ac-95ab-e7648e1734b2,0.7,0.84,0.9
9053-fa898be3-fc1a-40df-9c6f-7ed65c1512bb,0.8,0.53,0.8
8538-5b268b82-f0f4-4610-8ed1-b7a095d06c4f,0.8,0.32,0.9
5453-508dce5e-2c70-4bbe-990b-e2f1dcb539eb,0.8,0.99,0.9
8825-f159bed4-e8cc-46c1-98d7-398975fab808,0.9,0.33,0.9
6958-d23f9cb9-701d-4b7f-b028-f3e4427f2677,0.9,0.63,0.8
8595-000bbdf7-de55-4dbe-9356-f1b96841d525,0.6,0.57,0.9
4457-d137bc09-179c-4df4-b0e9-14086217d362,0.9,0.49,0.9
3835-1a5d3e80-fa8a-4294-9a40-378c11a8b601,0.6,0.18,0.8
3687-0327ec7f-2e34-448c-bd0d-01411393a825,0.7,0.29,0.9
3551-66a6debc-4850-4a58-a158-a4f0d72b26bb,0.7,0.3,0.9
6759-0d7f9813-7261-44aa-ad95-78239970bcb8,0.6,0.87,0.9
9265-9d72f89a-409a-4a86-a1ed-d1dbd510505a,0.6,0.89,0.9
2985-46c8b122-d1a4-4854-8ae2-98032c43d173,0.9,0.39,0.8
1495-06aa64fe-f2ec-4b4f-8b0c-a8708e489462,0.6,0.18,0.9
4141-010eb9d3-cbdf-4cc2-b361-e0efc26778c0,0.6,0.01,0.9
2132-0c8f9407-57e5-48cd-95a6-ce7e7d06a8c6,0.6,0.57,0.9
4012-19a80d6c-2181-467c-937c-8390b35b1284,0.9,0.99,0.2
6016-c7147103-71d5-4134-b47c-12a0a8d272b3,0.6,0.76,0.7
6020-f9de89dc-6254-4b4b-bb88-a19a55320c50,0.6,0.17,0.8
8200-8da2ccdc-fc40-4a64-8ee3-6e1eb7b2846b,0.6,0.32,0.8
2877-d26ffb15-8f25-4084-934e-7b992e68c9d8,0.6,0.58,0.2
6477-75eba24a-426d-4c93-9c89-abfbc27028eb,0.7,0.29,0.9
6354-b2b11d82-9ca0-48fe-b423-9d07b3776f1b,0.6,0.23,0.9
5614-d2f9fc72-7915-4719-a237-869c1cd075d6,0.7,0.23,0.9
6817-e77498fa-1dad-4efb-8597-d6e62e7da4eb,0.8,0.55,0.9
6855-8a4c0da9-56f2-4630-aa75-860a98cbea29,0.8,0.8,0.7
2952-21c9e13f-a1a3-445c-9f37-0c5d2e4cb236,0.6,0.37,0.8
7034-3f4d8661-2399-4980-bc0a-cf7d1887fcbc,0.6,0.47,0.8
0885-c542e4c8-441a-42d8-85d1-aa1589533da2,0.8,0.33,0.4
0382-6a388962-4ec6-48b2-a0a3-1a2da6f3c37c,0.9,0.67,0.8
7438-1773dc64-90df-4587-be6e-20edc08ac4d5,0.6,0.54,0.7
0363-62e9a2d6-77ba-4588-97c1-0be916cf68fc,0.8,0.75,0.9
5859-c4926774-1eb9-4202-aa69-fbc4f18e115b,0.7,0.01,0.9
5225-f23fb18e-6204-4303-867e-894a4a2a6892,0.9,0.73,0.9
6862-50269aa1-ced4-491b-b425-609ecdd9b6c3,0.7,0.01,0.9
8870-c7b5ef3e-d0a2-4151-a7d6-305b8c656935,0.6,0.5,0.9
6873-a5920568-2c3e-43c5-a70c-c5cc7c169f7a,0.8,0.34,0.8
4852-5b994bda-c5bf-4c6f-91ce-e9195e07f418,0.7,0.64,0.9
2361-e197e166-ab98-4556-be29-879d2e774d79,0.6,0.26,0.9
2807-6221dfbb-13e0-4af8-b68b-8d9700ff46cc,0.8,0.22,0.2
1867-a180d75f-45cd-4a71-a0dd-113b88280276,0.9,0.77,0.9
8173-7d6d3d74-d373-4030-aab9-86cbf2481acc,0.8,0.72,0.9
3653-6683705b-76cc-45cb-878b-ff1efea285aa,0.9,0.6,0.9
1155-66df158f-144d-48d7-a8ee-93b8f2e30588,0.6,0.09,0.9
8816-723ee847-9670-4e7a-8a0f-423793a5a0c3,0.7,0.67,0.9
7835-b240cb0e-fda7-4b65-906f-511335c91b3a,0.6,0.29,0.9
0155-d536ef92-9712-4cde-9a3a-f3628e99d2cf,0.6,0.13,0.9
7896-8c7255ce-4d73-458a-92e7-8825e516eeb7,0.7,0.09,0.9
5382-e6b3d69f-b6c8-41d3-9218-5add215ca053,0.6,0.65,0.9
7720-8b23e392-5b95-4e6a-a542-9d801e57c4cd,0.9,0.73,0.9
0043-d231e211-ae57-46aa-b093-b3d8ef899616,0.6,0.42,0.8
5772-efddc053-8ec9-45dd-a645-8000c02496c6,0.6,0.38,0.9
2938-438ff4de-011c-40a2-9c05-0b9fa6db7aac,0.6,0.96,0.7
5679-9e671e71-0bc7-4fc4-920d-335f6ffe5c9f,0.6,0.18,0.9
4508-d35aaf92-b7e6-44a7-8e0e-10d39711addb,0.6,0.33,0.9
4573-0cec532a-8215-4f34-ab11-171cf9f4fd34,0.6,0.6,0.7
9534-de0204c9-4939-4c1c-962f-74640255cf99,0.9,0.99,0.9
2437-04b78bc4-214e-44a6-9acf-149d9ae8d154,0.6,0.22,0.9
4818-38ff7155-d961-4cf1-a616-a21841b235e2,0.6,0.15,0.4
5968-c3d7cf9e-f40a-4991-8306-146275ee7813,0.6,0.11,0.9
0269-950d500d-64c7-47e5-baee-b92b23cd3231,0.6,0.28,0.9
7590-c0b1cd56-6e13-4bb1-b5cb-528556540f8b,0.6,0.52,0.9
4504-b928a1a7-ea7c-4756-ae95-302fa06c491b,0.6,0.24,0.9
8963-ed734941-d18d-4967-9a7e-ba9477f399fb,0.6,0.01,0.9
9923-3ff8ba90-68ef-48c0-8c5e-8b4571ad4da0,0.6,0.51,0.9
2293-7355dcb7-a7ba-4f63-9ab5-5a54c61145b6,0.6,0.2,0.9
8988-a4415cc1-97fe-4261-bd03-3bc77c33aa18,0.8,0.63,0.7
1700-aa83b652-a44a-4d62-8dc0-d8042610f659,0.6,0.2,0.9
8219-8071697a-c11a-4719-8767-7fc9a6024e2c,0.8,0.72,0.9
7795-c2d16874-e11a-4414-9efc-2b20f5a61800,0.7,0.68,0.9
0027-6a4db71e-e453-45ad-80ba-3f2446cd7cf5,0.7,0.77,0.8
9636-9f0e009a-0968-425b-b2fa-c0da991124d2,0.6,0.01,0.9
2333-3436f85e-91b2-4cb9-9c56-9f38fd865102,0.9,0.79,0.7
1797-96c0ecd1-2cdc-410e-a018-4a0ca25aa9c6,0.7,0.32,0.9
4022-eab29235-0f3e-47ed-ba77-3cdea2f76f97,0.9,0.21,0.4
1330-ac390c73-1ef2-4c4e-abe2-160eaeeeefbe,0.7,0.3,0.9
1476-f798240e-60ff-468f-928e-284aaee6b5ae,0.6,0.26,0.9
3595-3d4f57c4-1af0-4694-b686-fc580edb5c6e,0.6,0.64,0.7
3096-debaa1a5-f4d3-42fb-9bad-8173ee842fbf,0.6,0.28,0.4
5218-d22faafc-5bd5-4fe0-9468-a1669af50fd2,0.9,0.69,0.9
4195-dd6a0824-23fc-4248-8714-167287f024ba,0.8,0.27,0.9
5321-eb8109ca-7fe2-45d7-9a0a-0a84baa69391,0.6,0.91,0.8
3022-fd93b0a6-2ac8-45dd-8b66-cc7b64c963a6,0.6,0.61,0.8
1627-f2c362fa-5a41-427a-8c8b-e5a031f793a3,0.8,0.79,0.8
2284-51ddb1ed-ca0b-4487-a7a6-d34f3395f39a,0.6,0.26,0.9
4265-03399684-3ea0-4b94-821a-ba16c9726a7f,0.7,0.61,0.8
6412-b1176762-fb85-4de8-b25c-e8c49bbf532a,0.6,0.42,0.9
5731-d56fdf6e-4c82-4e71-bc31-2a9f218e4384,0.9,0.74,0.9
0276-50053270-e2df-4799-8940-ac845267edea,0.6,0.15,0.9
6672-81c9667a-0cc4-4b44-9ef1-d61da451e75a,0.9,0.66,0.8
8750-25ba30e1-c1e5-4f30-ab84-687444129ce1,0.6,0.21,0.9
8648-94cdb421-4d3f-4cdb-a110-7d0fb028c337,0.6,0.03,0.9
1156-ef9c231e-1c43-4a51-a6ac-d474d4957dae,0.8,0.74,0.9
9063-72b7071b-9967-4dbc-90d1-268822717a3e,0.8,0.51,0.9
2002-8fc1bec8-0672-45a2-a52b-6df69947e7e3,0.8,0.67,0.9
4009-0a6936e2-6e40-4db3-8976-5afba213ab8e,0.6,0.62,0.7
0335-a2f6fd10-c0f2-4132-8f0c-d6094fe29549,0.6,0.26,0.9
7638-057470c6-6b93-4758-96f2-2c125fec3136,0.7,0.31,0.7
3560-32223253-7e3d-4d68-9fda-ae7a292413d9,0.7,0.27,0.4
0146-73239640-78be-474e-b59e-e8e72e045c5d,0.6,0.1,0.9
7744-452f9ad1-8a8a-413a-bad3-d0a9c2890239,0.6,0.3,0.9
6765-83bac276-2078-42b8-a25d-01d20a4fa4fd,0.9,0.53,0.9
2350-e1245517-92ea-457c-b74d-4fdec471134c,0.8,0.27,0.9
8306-c1921d8f-e466-459e-bbc0-217edc8a9ed1,0.6,0.27,0.2
4748-6f4f910a-9ce1-400b-a0b7-5ca524bcdad3,0.6,0.58,0.8
4928-3d201a5d-5b5a-4985-ae91-77bb2435a9d9,0.6,0.16,0.9
7237-7c258841-65d0-4664-b189-d6849c0a9c38,0.6,0.38,0.9
0350-3adb9d45-b7d1-4d7e-bdd2-563efd81bf68,0.6,0.43,0.9
7546-86fbe53e-9a2d-4ad1-a094-ed7e68d38ff8,0.6,0.1,0.9
9660-7888f264-e545-4c49-88b2-d58dfa2e5a9c,0.8,0.62,0.9
5490-2bfe3c88-78eb-4c85-8bd0-18ad0581e8a6,0.6,0.02,0.9
7576-6d57e776-4478-4a35-8340-5b3cad34e45b,0.6,0.48,0.9
6693-413ce2a5-923d-4f26-8569-ec4c1ecaf976,0.8,0.99,0.9
5131-146601c0-0678-4a0e-b42f-143c060231e7,0.8,0.6,0.9
2906-09aa46db-e868-49af-afeb-d9c7ce2aee46,0.6,0.3,0.2
8200-7b1e3265-b492-400b-a865-bca7ad259abb,0.6,0.59,0.9
6621-5df45b5f-d139-4a1a-b217-7e1fabae00d2,0.6,0.42,0.8
4613-8eb0ab2a-71f4-47a2-9ec5-97966c4d4bad,0.7,0.34,0.9
8392-571a45cb-47df-41ec-82dc-f07efd2096a8,0.7,0.65,0.8
7357-446d451a-eaa3-4b16-aaf1-57dc283849cf,0.6,0.01,0.9
9060-2fe3c00b-f0c7-4a91-8a7d-57466625050e,0.9,0.45,0.9
7672-4050d1e8-48ac-4ad9-92ba-5630b54855c9,0.8,0.28,0.7
5774-b71dfb7e-c379-42e6-9429-d86e608e0f2a,0.6,0.57,0.7
8549-00ab6c07-11d7-48dd-a029-241161169e6a,0.6,0.29,0.9
7130-614c0bb2-c248-4063-96be-230e7c5e5d67,0.6,0.66,0.9
8209-74b42b00-a1d6-456c-a90a-1079c0c454dc,0.6,0.34,0.9
3423-34ded3d0-1646-41c3-8b3f-9bffc77b55f9,0.6,0.4,0.9
7871-f0352bb9-750b-429a-85c0-02872e824321,0.8,0.51,0.9
4668-874d66c4-c00b-41c7-8485-58173c71f3d6,0.7,0.6,0.9
5405-c48c3b79-1d3f-4e53-9987-688744107a95,0.8,0.77,0.9
5726-445b621d-5cd6-4a36-9b2d-10a3c7567919,0.7,0.13,0.8
9503-8c7826eb-5a05-4f89-afd8-10fd7416410b,0.7,0.99,0.9
1680-22b4101e-8b42-4979-8b9f-ee6b2949ac09,0.6,0.48,0.9
5157-989724a0-e4c2-484b-913f-49a2f1eecee6,0.9,0.76,0.9
5826-aba21523-7d90-434f-a06d-7a71c18142ad,0.6,0.39,0.7
8862-9a373fb0-cca6-4cfd-a19f-cc00c963e6b6,0.8,0.72,0.9
0207-d5025bdd-bd60-4cd9-992a-c14d56117648,0.6,0.18,0.8
3809-4b6feb36-fb36-4b15-bc15-23824320212c,0.6,0.24,0.9
1911-1268b71d-c271-4c01-9039-b6d9f7aff4d2,0.8,0.29,0.8
5477-a2e4ba02-5ef0-49c2-9ebe-5a3a7ad98573,0.6,0.37,0.8
5691-3939895c-a701-4c06-92aa-2bac23202368,0.6,0.07,0.9
3350-6f0f6221-c6a5-46c3-b0ef-955115627553,0.9,0.52,0.9
6276-a524498e-923b-4b46-9919-049630d393ee,0.6,0.37,0.8
5972-77b7befb-e7d9-4e0d-a734-afdb509b9106,0.8,0.73,0.9
9665-4e3ebec9-f2c7-43cc-88dd-50cd7c0dafea,0.6,0.14,0.9
0972-157a67d7-2236-449c-af66-6c64a5a5405f,0.6,0.6,0.8
3601-197fac4e-5333-408b-877f-a7ceb00b8326,0.8,0.41,0.7
1722-f844f323-9714-4751-9b0f-70333c8059d4,0.9,0.51,0.9
2254-32255db5-ae2b-40c0-9084-b7502bd6158b,0.6,0.41,0.8
3716-abb7ea19-5707-423f-a326-e6d0fa3960db,0.6,0.53,0.8
3900-6778e2b6-0d03-40e3-adec-509572bf8938,0.9,0.77,0.4
5064-5b4af51b-5293-4411-91e5-d71cc3cb1000,0.9,0.76,0.8
3667-ece7815f-e5d5-4053-a26b-8e8def6af4f3,0.8,0.25,0.2
3100-cdee2cb0-7439-43c5-8c5f-1d71db682d2d,0.9,0.59,0.7
9858-5b294c00-44e9-4c3b-abd9-4dfd4cd81911,0.9,0.83,0.9
8749-5f6268fd-efcf-4383-bdf8-9dcd9c2d1ece,0.6,0.35,0.7
9656-21a289a7-05e4-4c84-9531-eb12a7455556,0.9,0.98,0.9
2041-3b4a5704-6029-4c6a-b46a-e627723062cc,0.7,0.64,0.9
7226-951e0037-1189-49f0-b16c-a3058a7217e5,0.6,0.02,0.9
7713-46951fe9-2a38-4ad8-b123-d5c09ca4e397,0.9,0.55,0.9
4526-df938eec-f98a-42ed-9acc-c7b388afc482,0.6,0.68,0.7
9182-b69524fe-3ff7-42f5-8c04-78cdbb55020b,0.7,0.66,0.9
9816-316bac33-8199-4abb-8479-7d2bbcb1c0f1,0.9,0.82,0.7
6538-0e8e9b24-cf2d-4bf1-8387-5e2c7a4458a8,0.9,0.83,0.8
8913-c9f8ad9c-88a8-4b5b-8504-79fed67059fb,0.9,0.6,0.9
7534-4c895a6d-9d29-4130-ae78-f8afb26bf77a,0.6,0.48,0.9
1274-3f54d1c3-e0fa-4ac3-adba-223975cfffed,0.6,0.56,0.9
7292-5abb6627-9d87-4bdf-b1d6-91c58d5da462,0.6,0.13,0.4
3468-b8749131-c525-4fbe-99a6-5f3a9530d744,0.6,0.33,0.7
5472-c1043b2f-a26b-47ef-b154-e2022691614f,0.9,0.43,0.9
2553-29ccd522-1351-47a7-bae0-81586584f676,0.6,0.18,0.9
4829-cd8c1d97-00ee-4637-adaa-6d285d514353,0.9,0.77,0.9
6444-9ceb98d0-6e16-4aac-9830-c90f53c494e0,0.6,0.44,0.9
2431-d214f1f8-d903-4c24-9015-0e2d7bcbd3cc,0.6,0.08,0.9
8959-c5419b6c-9801-49be-b3d4-cc9973c6cafd,0.9,0.41,0.7
0461-bae95af9-1ea5-4c43-9676-4ed64e31579b,0.9,0.71,0.9
4735-f4a47111-1153-4f4a-b350-fcdc59cfe6c4,0.6,0.34,0.9
3012-34c4d611-4514-4659-8c17-4b6bd965e728,0.6,0.07,0.2
7745-53432616-37cd-44c3-bfdd-761a70d1ddc8,0.6,0.43,0.9
1745-9555bb56-e2e3-45fd-a866-0af9c4a5b1c3,0.6,0.7,0.9
6380-39266c96-3bc2-4a6d-9d15-474a2308404e,0.8,0.99,0.9
9207-e6eff16b-603f-49cb-a3b5-fa800a2a34c7,0.6,0.15,0.9
6693-ba3ada3c-8eea-41d3-91e6-e321101b041e,0.7,0.46,0.9
4832-4b49c516-f362-4da2-92e1-37c9adab50ce,0.7,0.26,0.8
6839-a1fe4981-beb5-433d-a47e-f28ad767d42c,0.6,0.64,0.2
8795-30fd9a17-edf8-4998-875b-317767113457,0.7,0.46,0.9
3905-88958581-1a86-4ff9-96fd-a4db2a0e7eec,0.8,0.65,0.8
4624-6c767f1b-548a-4927-a120-d2936b1cf40e,0.9,0.89,0.9
5472-02e67643-f1f2-40f4-87d5-bee273d265f4,0.8,0.98,0.9
0698-1614e19d-86c8-410f-b55f-1d7ae6ea2645,0.6,0.3,0.9
4716-dd58bcff-944b-4ef7-a17b-05dd53987c0b,0.6,0.21,0.9
2141-7af963f8-5d3d-4b97-aa36-3eabff89ab3b,0.6,0.11,0.9
6331-0bcc9187-6d5a-409a-9e14-46dbc8dbbcee,0.8,0.24,0.7
1050-904733bb-b197-4354-87de-ad6f710422ac,0.6,0.62,0.9
0434-74b8f09c-ad4d-4e78-8da8-382f5a570b70,0.7,0.22,0.8
5139-a933fbe4-c747-493f-98bc-697ac6efc8af,0.6,0.59,0.9
0570-8140b299-b225-400a-acc3-8eb04fbcb4b2,0.6,0.65,0.7
2655-20c7cc45-3837-492d-a769-40262916c22c,0.6,0.57,0.8
1818-620bbe21-8d42-43c1-8837-512f3dbd4f37,0.7,0.72,0.9
8096-76d49029-3dba-4089-9e50-e4a40c6d729d,0.9,0.47,0.9
6491-e4b6e21e-0945-4282-95aa-9591b86449a6,0.6,0.2,0.9
9935-410bc895-0e5b-49cf-8de7-d57e9cb2a4ba,0.6,0.24,0.9
6312-6aade8c8-ab9f-4d8d-8b1a-6259a80ad94e,0.6,0.56,0.8
6147-678e7b0d-5acd-4d48-a151-6495f96d335f,0.6,0.01,0.7
2937-473b884d-c309-4107-acec-5edcc6f7400f,0.6,0.35,0.9
2457-eefbad72-0bd0-4dfc-b57e-e762d323f336,0.9,0.72,0.9
4423-0d6a0072-1185-4441-900d-36572f2072e2,0.7,0.99,0.7
6929-88ba51aa-d14e-4a6f-a592-fcd366a869c7,0.6,0.84,0.8
8517-2e591182-1fa2-47fe-999f-c54d5f0ca7ea,0.9,0.52,0.9
8828-97841e3d-2ee1-4171-9fcc-221356bb3112,0.9,0.81,0.7
5500-9856041f-939b-46ee-9aa4-39235fe8ea1f,0.6,0.48,0.9
4825-ac0d389c-14ad-4075-9fb7-996bae55d0dd,0.8,0.64,0.9
8614-d756836c-49c5-4926-84c9-9d08db4e8f73,0.7,0.19,0.9
2868-6eac7b44-67da-4414-a45a-515b2c828b74,0.8,0.77,0.9
8077-ea7eb623-4002-4252-887a-f913107a907c,0.6,0.48,0.9
1554-ee312055-e43c-41af-9eb5-789fd5e0ecdf,0.6,0.26,0.8
7090-95086e64-1b72-45cf-80dd-29930be505d8,0.6,0.14,0.2
4151-f6f2dd09-ed21-4286-a69f-f9d62e0143f7,0.6,0.39,0.4
4116-333bdfd1-b1fd-4f50-a3a9-334956a91cd1,0.8,0.73,0.9
5854-55321109-8e37-4471-9d0e-7ebbe6a74243,0.6,0.77,0.8
4848-99d10f7a-bc2b-482b-8c3a-20abbd6d0f52,0.7,0.77,0.9
1302-21315056-4098-421a-be76-d52e4980f4b9,0.7,0.68,0.9
0360-aa7ed1ec-781f-4592-9819-4fec9d1f7173,0.6,0.69,0.8
2145-b98d48bb-f68c-44de-8b71-f2348bf9964d,0.7,0.31,0.9
3391-2b2f33e1-213e-4b15-942f-671cd2712a7e,0.7,0.5,0.9
1277-d97a01ec-8c67-4caf-b56f-8217857aa1db,0.7,0.36,0.9
9505-0c0e73a2-e21a-4a34-8f15-e018c8df1dd8,0.6,0.4,0.8
7873-d2c1fa86-f47f-4b73-a590-804f61488a2f,0.6,0.12,0.9
7002-aa197869-29fb-4055-9964-f7797a9f52e1,0.8,0.81,0.9
2335-51195a57-3af9-45ff-9015-8c3fa342c60f,0.8,0.56,0.9
6276-f5db3fe5-dde5-4f3d-96f5-ff0ff9b7d2c8,0.9,0.43,0.8
2412-38efed84-6e72-4942-a565-9b7dbe6ff6bf,0.8,0.58,0.8
9206-f8f57642-c654-44bb-b4a2-71a50a23a438,0.9,0.69,0.7
1919-2c97d352-d333-411e-aa92-350c8ec41f32,0.6,0.29,0.9
9620-fa271f77-4f36-4503-9686-e0cb676b9fe1,0.7,0.6,0.9
4016-bc4474aa-5303-49f7-8fca-b62c1c52b769,0.6,0.54,0.9
2898-14b6ad2c-b88b-49d1-bbbb-069df8284275,0.9,0.2,0.7
9295-0c7cc0f6-340e-4a75-a4f5-3a2f554551cf,0.6,0.99,0.9
0028-e1027781-5618-4f0f-ad78-d2bfec73bc42,0.6,0.23,0.9
7501-d2192ebb-4d54-4f31-9a96-26634a1f02ff,0.9,0.62,0.9
2549-7a0f7f3b-29c4-417b-80f9-e3feb5c33485,0.9,0.79,0.9
3117-b2d51bc3-72d3-4c6e-a3fc-cca555a1a132,0.6,0.06,0.9
8149-732deb29-46e2-4821-83d8-3a159dcbe385,0.9,0.87,0.9
8255-b0c2a3a0-d29b-41ad-a595-91383f6b223e,0.8,0.51,0.8
5981-532083f8-e8c8-4036-ac7b-66760c3ca261,0.7,0.5,0.9
6386-f27a6ac3-b4c6-443f-8816-786b3db59fae,0.7,0.38,0.9
8049-c1440e92-a27a-418b-bb72-99199fdbb51f,0.8,0.35,0.4
1792-f09f85ef-5a8f-4c47-9e57-383311d1c232,0.6,0.41,0.9
8843-f4a44511-7032-4ddd-ba6c-9416518b056f,0.6,0.25,0.9
6320-e71af015-a79f-46b4-a587-3dd0c78f48ba,0.7,0.76,0.9
6485-76ee1a19-6460-43c5-b072-0af1d53c002a,0.6,0.29,0.9
6410-2bcf8916-9c42-4c40-9a7e-aa1cf8755e75,0.6,0.43,0.8
8618-1f938707-74c7-46c9-a50c-3f7efe688643,0.6,0.71,0.9
8362-bb0f4048-c915-4f72-809c-ae36264bed4a,0.6,0.59,0.9
5070-f1027281-ab59-46e0-bb48-ef6f85f872c0,0.7,0.75,0.8
4585-d3ef7453-a814-413a-861f-5935d5101dcf,0.6,0.56,0.9
4074-20fc01ff-1a6d-4af8-9bd2-168fefe8e12a,0.6,0.42,0.9
0044-8edbac68-9a15-4523-9e42-1cb3bdc8c1f6,0.6,0.62,0.8
9070-e7f7a24b-b677-4b1a-9c36-992e7ead7b44,0.9,0.54,0.9
9077-685b11e2-1de9-48d4-bb94-bc1bed8ffcf9,0.8,0.63,0.7
0567-0a78713e-5c22-4157-a2e9-77750becabea,0.9,0.53,0.9
5383-b52043b0-a060-4f00-be59-3d6c092c50c1,0.8,0.37,0.9
9517-e7c57f17-da02-4dfc-89e3-853fe8cdba5a,0.8,0.45,0.8
6639-2bbbbc04-3255-48ad-8c3d-6981a2ebd79e,0.6,0.32,0.9
9008-cd3719cc-ac54-4ec3-9e64-7bbdd66b511a,0.6,0.63,0.7
5198-fe11dead-abda-487a-a7f0-e32043172a64,0.9,0.61,0.9
8246-8945d2ff-c9e7-4f1b-972c-7111d8d1f610,0.7,0.54,0.9
2379-f3a31845-acfe-44fd-bda9-be08301252a5,0.7,0.29,0.9
4054-2616bb13-94c7-43a0-9089-c0da73af4997,0.8,0.99,0.9
4472-ff415c67-f080-471d-a865-b5c8f6756212,0.8,0.58,0.9
1550-3b800ed1-d344-47d3-977b-503956515299,0.6,0.01,0.9
4630-d9bd862b-8f6e-42a0-a1d8-515571b83f77,0.6,0.88,0.9
2387-ea92bd5c-3803-4fd5-8833-3bd0ec7c2bb7,0.7,0.99,0.9
